id_paciente,edad,genero,sucursal,tiempo_espera,trato_doctor,limpieza,precio,csat,nps
1,58,Femenino,Norte,30,4,5,5,4,9
2,35,Femenino,Centro,22,5,5,3,5,9
3,65,Femenino,Oeste,19,4,4,1,3,5
4,55,Masculino,Norte,18,3,4,2,3,5
5,23,Femenino,Centro,42,4,4,2,3,7
6,56,Femenino,Oeste,26,3,4,2,3,5
7,63,Masculino,Centro,17,5,4,2,5,10
8,55,Masculino,Norte,10,4,2,2,4,7
9,62,Masculino,Sur,33,4,4,3,3,6
10,27,Femenino,Sur,16,4,5,3,4,7
11,23,Masculino,Norte,28,4,3,4,4,8
12,40,Masculino,Norte,36,3,4,3,4,9
13,47,Femenino,Este,19,4,3,2,4,7
14,53,Masculino,Oeste,41,4,5,3,4,8
15,54,Femenino,Norte,29,5,4,5,3,5
16,60,Femenino,Sur,34,4,4,3,3,5
17,32,Femenino,Este,22,4,5,2,4,8
18,47,Masculino,Centro,18,5,4,2,5,10
19,40,Femenino,Sur,26,5,3,3,4,9
20,61,Femenino,Oeste,7,4,4,3,4,9
21,28,Femenino,Centro,8,4,4,2,4,8
22,42,Masculino,Oeste,29,5,4,3,4,7
23,61,Masculino,Norte,5,4,4,5,5,9
24,70,Femenino,Sur,28,4,3,4,4,8
25,35,Femenino,Centro,34,3,5,2,4,9
26,63,Masculino,Centro,51,3,4,3,3,7
27,49,Masculino,Este,6,4,3,3,4,7
28,34,Femenino,Centro,43,3,4,4,3,7
29,53,Masculino,Oeste,27,5,3,3,4,8
30,55,Masculino,Sur,34,3,3,4,3,5
31,26,Masculino,Norte,28,4,3,3,4,7
32,25,Femenino,Centro,16,5,4,2,5,10
33,56,Femenino,Este,13,5,5,2,5,10
34,56,Masculino,Oeste,29,5,5,3,4,8
35,53,Femenino,Norte,14,3,4,3,4,9
36,52,Masculino,Sur,34,4,5,3,5,9
37,36,Masculino,Centro,32,3,3,3,3,6
38,18,Masculino,Oeste,33,4,4,2,3,5
39,50,Femenino,Sur,19,5,4,2,4,9
40,50,Femenino,Centro,29,3,4,3,3,6
41,66,Femenino,Oeste,29,5,5,4,4,9
42,18,Masculino,Este,13,5,4,4,5,9
43,25,Masculino,Sur,31,5,5,4,5,9
44,21,Femenino,Oeste,34,3,4,3,3,5
45,23,Masculino,Norte,52,2,5,1,2,3
46,26,Masculino,Oeste,38,4,3,2,4,7
47,34,Masculino,Centro,16,4,4,2,5,9
48,63,Masculino,Este,32,2,4,2,3,7
49,59,Masculino,Este,15,4,4,4,4,9
50,46,Femenino,Centro,20,4,3,5,4,7
51,22,Masculino,Norte,9,5,5,4,4,9
52,53,Femenino,Oeste,19,5,3,3,5,9
53,18,Femenino,Norte,13,4,1,2,3,5
54,22,Femenino,Sur,10,5,3,3,4,7
55,50,Femenino,Sur,42,3,5,3,3,7
56,49,Femenino,Oeste,30,4,4,3,4,7
57,64,Masculino,Centro,26,5,5,2,5,10
58,69,Masculino,Centro,5,4,4,3,4,7
59,24,Masculino,Sur,22,4,4,4,4,8
60,44,Masculino,Norte,16,5,4,4,5,9
61,21,Masculino,Sur,15,3,5,4,4,7
62,33,Femenino,Centro,26,5,4,4,4,9
63,46,Femenino,Este,22,5,5,4,5,9
64,35,Masculino,Centro,25,5,4,3,4,7
65,46,Femenino,Norte,26,5,3,5,4,9
66,52,Femenino,Norte,10,5,5,4,5,9
67,28,Masculino,Este,24,3,4,2,4,8
68,31,Masculino,Norte,23,3,4,3,3,5
69,42,Femenino,Este,15,4,4,2,4,8
70,68,Masculino,Sur,27,3,3,2,3,6
71,62,Masculino,Centro,28,5,5,3,5,9
72,36,Femenino,Norte,12,4,4,3,4,9
73,65,Femenino,Sur,31,5,4,3,5,9
74,21,Masculino,Oeste,20,4,4,3,4,9
75,28,Femenino,Oeste,25,4,5,4,5,9
76,29,Femenino,Oeste,15,5,4,5,4,7
77,61,Femenino,Este,14,3,2,2,3,5
78,54,Femenino,Oeste,26,4,5,4,4,9
79,20,Femenino,Este,14,4,3,5,5,10
80,34,Femenino,Sur,19,2,5,3,4,7
81,34,Masculino,Centro,5,3,4,3,4,9
82,59,Masculino,Este,32,3,4,3,4,8
83,66,Femenino,Norte,33,3,3,4,3,6
84,57,Femenino,Norte,16,5,4,4,5,9
85,50,Masculino,Centro,49,5,4,4,4,8
86,22,Femenino,Sur,41,3,5,4,3,6
87,28,Masculino,Oeste,10,2,4,4,4,9
88,37,Femenino,Oeste,25,5,3,1,4,8
89,60,Femenino,Centro,29,4,2,3,3,6
90,25,Femenino,Oeste,33,4,3,2,3,5
91,35,Masculino,Oeste,24,5,3,4,4,7
92,63,Masculino,Centro,15,4,3,2,3,7
93,58,Masculino,Oeste,48,4,3,3,3,6
94,34,Femenino,Norte,22,5,5,2,4,9
95,45,Masculino,Norte,21,2,3,4,4,7
96,39,Femenino,Sur,22,5,4,5,5,9
97,65,Masculino,Oeste,23,3,3,3,3,7
98,45,Femenino,Norte,7,3,3,5,4,7
99,62,Femenino,Oeste,24,5,4,2,5,9
100,41,Femenino,Este,31,3,4,2,3,5
101,20,Masculino,Sur,36,5,3,4,4,7
102,40,Femenino,Centro,19,3,3,3,3,7
103,24,Masculino,Oeste,28,4,4,2,3,6
104,57,Femenino,Centro,34,5,3,3,4,7
105,69,Femenino,Este,5,5,3,4,4,7
106,29,Masculino,Este,5,2,4,3,3,7
107,65,Femenino,Sur,32,2,4,2,2,3
108,68,Femenino,Este,25,3,4,4,3,5
109,48,Femenino,Centro,35,3,4,4,2,5
110,40,Masculino,Centro,15,5,4,3,4,7
111,19,Femenino,Este,26,4,5,3,4,8
112,35,Femenino,Sur,20,4,4,3,4,8
113,59,Masculino,Oeste,28,5,5,3,5,10
114,19,Femenino,Sur,20,2,3,1,2,3
115,55,Masculino,Norte,25,5,4,3,5,9
116,56,Masculino,Sur,5,4,5,2,5,10
117,45,Femenino,Este,29,4,5,5,5,9
118,34,Femenino,Este,27,4,3,4,3,5
119,51,Femenino,Sur,25,4,4,3,4,8
120,22,Masculino,Oeste,18,4,3,3,4,8
121,60,Femenino,Sur,34,3,5,4,4,9
122,37,Masculino,Sur,47,3,3,1,3,6
123,62,Masculino,Oeste,32,4,4,2,5,9
124,30,Masculino,Este,26,4,5,3,4,9
125,65,Femenino,Oeste,15,4,5,4,5,10
126,43,Femenino,Sur,18,3,4,3,4,8
127,31,Masculino,Oeste,5,5,4,3,4,9
128,59,Masculino,Este,5,5,4,2,4,8
129,46,Femenino,Oeste,20,5,4,1,4,8
130,68,Femenino,Norte,21,1,4,3,3,6
131,50,Masculino,Norte,47,5,4,2,5,9
132,61,Masculino,Centro,25,4,4,3,4,7
133,27,Femenino,Norte,18,3,4,2,3,5
134,48,Femenino,Este,26,4,5,1,4,8
135,58,Femenino,Este,39,2,4,3,2,5
136,43,Femenino,Centro,15,3,5,4,5,9
137,66,Femenino,Este,33,3,4,3,3,5
138,29,Masculino,Norte,33,4,4,4,4,9
139,33,Femenino,Este,20,5,3,4,5,9
140,69,Masculino,Oeste,21,4,3,4,4,9
141,56,Masculino,Este,18,5,3,2,3,7
142,70,Masculino,Oeste,32,3,5,1,4,8
143,28,Masculino,Este,27,4,4,3,4,8
144,66,Femenino,Sur,38,4,4,3,4,9
145,49,Femenino,Sur,28,2,3,4,3,6
146,22,Masculino,Centro,22,4,4,2,3,6
147,39,Masculino,Oeste,27,3,4,1,4,7
148,26,Femenino,Centro,30,4,5,5,5,10
149,62,Femenino,Centro,5,3,4,3,4,7
150,44,Masculino,Sur,16,4,3,2,3,7
151,47,Masculino,Norte,13,3,3,4,3,5
152,44,Masculino,Oeste,56,4,4,2,4,9
153,19,Masculino,Este,18,4,5,3,5,9
154,40,Masculino,Este,16,4,5,2,5,10
155,52,Femenino,Este,33,3,5,4,4,7
156,35,Masculino,Este,6,3,4,3,4,7
157,42,Masculino,Este,27,3,4,4,4,9
158,28,Masculino,Centro,37,5,4,3,3,7
159,52,Femenino,Este,30,4,4,2,3,7
160,54,Femenino,Norte,37,4,5,3,4,9
161,45,Femenino,Este,36,3,4,3,3,5
162,21,Masculino,Este,21,4,4,4,4,8
163,31,Masculino,Sur,22,4,5,3,5,10
164,66,Masculino,Sur,7,4,5,3,5,10
165,34,Femenino,Este,18,5,5,3,5,9
166,65,Femenino,Sur,42,5,4,3,4,7
167,59,Femenino,Norte,8,3,3,2,3,5
168,33,Femenino,Norte,27,5,3,4,4,9
169,27,Femenino,Centro,24,5,3,3,4,8
170,60,Femenino,Oeste,30,4,5,2,4,7
171,47,Masculino,Sur,17,3,3,4,4,7
172,56,Femenino,Centro,18,3,4,2,4,8
173,24,Femenino,Sur,27,2,5,5,3,7
174,61,Masculino,Este,20,4,4,4,5,9
175,22,Femenino,Norte,22,3,3,2,3,7
176,67,Masculino,Oeste,46,3,4,3,4,7
177,68,Femenino,Sur,55,3,4,4,3,7
178,45,Masculino,Norte,47,5,4,4,5,10
179,18,Masculino,Este,34,5,5,4,5,9
180,45,Masculino,Este,32,4,4,4,4,9
181,27,Masculino,Centro,29,4,4,4,4,9
182,51,Masculino,Oeste,25,3,5,4,5,10
183,47,Masculino,Oeste,21,4,4,5,4,8
184,38,Femenino,Norte,28,5,4,3,4,8
185,46,Femenino,Este,37,3,4,2,4,9
186,57,Masculino,Sur,6,3,4,5,4,7
187,49,Masculino,Centro,18,5,3,1,4,8
188,31,Masculino,Sur,18,3,5,3,4,8
189,35,Masculino,Oeste,9,5,5,3,5,9
190,51,Femenino,Norte,12,2,3,3,3,5
191,64,Masculino,Este,22,4,3,4,4,9
192,66,Femenino,Este,38,4,4,4,4,9
193,63,Masculino,Este,32,5,4,4,4,7
194,23,Masculino,Centro,42,3,5,3,3,6
195,62,Femenino,Sur,26,3,5,2,3,7
196,55,Masculino,Este,5,4,2,1,4,9
197,51,Masculino,Este,34,4,3,3,3,7
198,53,Masculino,Sur,11,5,5,3,5,10
199,35,Masculino,Sur,27,2,4,2,2,3
200,25,Femenino,Sur,21,5,5,2,5,9
201,65,Femenino,Centro,41,5,4,2,4,7
202,65,Masculino,Sur,29,5,5,4,5,10
203,24,Femenino,Sur,40,4,5,2,5,9
204,41,Femenino,Sur,27,3,4,3,4,7
205,63,Femenino,Sur,31,3,4,5,5,9
206,21,Masculino,Centro,30,4,4,4,3,7
207,66,Masculino,Norte,21,2,4,4,3,5
208,54,Masculino,Este,43,3,3,3,3,6
209,46,Masculino,Centro,45,4,5,3,4,7
210,34,Masculino,Norte,35,5,3,4,5,9
211,43,Masculino,Norte,17,4,4,3,4,9
212,58,Femenino,Centro,16,4,5,4,4,7
213,69,Masculino,Norte,34,1,5,1,2,3
214,25,Masculino,Oeste,11,3,5,3,4,9
215,68,Femenino,Oeste,24,4,4,2,4,8
216,46,Masculino,Sur,19,2,4,5,4,9
217,45,Masculino,Oeste,20,4,4,5,5,9
218,57,Femenino,Centro,30,5,4,3,4,9
219,31,Masculino,Norte,24,4,5,3,5,9
220,33,Femenino,Oeste,24,4,2,4,4,7
221,28,Femenino,Este,36,1,5,3,3,6
222,62,Masculino,Sur,12,5,3,2,5,9
223,32,Masculino,Sur,22,4,5,3,4,9
224,47,Femenino,Centro,29,5,4,3,5,10
225,68,Femenino,Este,38,5,5,2,5,9
226,52,Femenino,Centro,11,4,3,3,4,8
227,70,Femenino,Norte,28,4,5,3,4,7
228,28,Masculino,Oeste,36,5,3,4,4,9
229,70,Masculino,Este,21,5,4,3,4,7
230,47,Masculino,Este,25,3,3,5,3,6
231,50,Masculino,Este,13,2,3,2,4,7
232,56,Femenino,Este,37,3,5,4,4,9
233,38,Masculino,Norte,5,5,3,1,5,9
234,32,Femenino,Sur,54,5,4,4,4,9
235,20,Femenino,Este,34,4,4,3,3,7
236,59,Masculino,Sur,21,2,4,2,2,3
237,55,Masculino,Este,27,5,5,1,4,7
238,48,Masculino,Este,36,3,4,4,3,6
239,38,Femenino,Centro,26,3,4,3,3,6
240,44,Masculino,Sur,30,4,4,3,5,10
241,70,Femenino,Este,26,4,4,4,4,7
242,38,Masculino,Sur,25,3,3,2,4,7
243,67,Masculino,Oeste,10,3,3,4,4,7
244,60,Masculino,Este,39,3,4,2,4,7
245,30,Masculino,Oeste,10,4,5,3,4,8
246,58,Masculino,Norte,23,4,4,4,5,9
247,35,Femenino,Sur,18,3,4,5,4,8
248,62,Masculino,Norte,44,5,4,4,5,9
249,58,Femenino,Centro,20,4,4,2,4,8
250,53,Femenino,Oeste,10,4,3,3,3,6
251,23,Femenino,Norte,28,5,2,3,4,8
252,25,Femenino,Este,10,5,4,2,5,10
253,50,Masculino,Este,31,4,4,2,4,8
254,48,Femenino,Este,8,4,3,2,4,9
255,27,Masculino,Centro,38,5,3,3,4,9
256,50,Femenino,Norte,26,5,4,3,4,8
257,67,Masculino,Sur,26,4,5,4,4,9
258,35,Femenino,Sur,9,2,4,2,2,4
259,55,Masculino,Centro,29,5,4,4,5,10
260,52,Masculino,Sur,23,5,4,3,5,10
261,53,Masculino,Este,16,5,4,2,5,10
262,30,Femenino,Oeste,14,4,4,4,5,10
263,32,Masculino,Norte,24,5,5,4,5,10
264,65,Masculino,Este,9,3,4,2,4,8
265,60,Femenino,Este,25,5,4,3,4,7
266,26,Masculino,Norte,5,3,4,2,4,8
267,24,Masculino,Norte,43,5,4,4,4,9
268,27,Masculino,Centro,20,3,4,3,4,7
269,48,Masculino,Sur,26,4,4,4,5,10
270,59,Femenino,Sur,7,1,5,2,3,7
271,52,Masculino,Sur,10,2,4,4,3,7
272,63,Masculino,Oeste,5,3,4,2,4,7
273,57,Femenino,Centro,24,5,4,2,5,10
274,32,Femenino,Este,23,4,3,3,3,5
275,66,Femenino,Este,22,5,3,1,5,9
276,62,Masculino,Norte,22,3,5,2,5,9
277,38,Femenino,Sur,33,4,5,2,4,8
278,41,Masculino,Centro,28,5,5,3,4,7
279,51,Masculino,Oeste,30,3,5,3,4,9
280,68,Femenino,Centro,27,3,3,4,3,5
281,23,Masculino,Oeste,12,5,5,4,5,9
282,49,Femenino,Centro,15,3,5,3,4,8
283,58,Masculino,Este,40,5,4,5,4,8
284,60,Femenino,Este,36,4,4,5,4,8
285,61,Femenino,Norte,31,5,4,2,4,8
286,40,Masculino,Este,5,5,3,3,4,9
287,34,Masculino,Sur,28,5,5,2,4,7
288,42,Masculino,Norte,28,4,5,3,5,9
289,42,Masculino,Oeste,32,5,4,2,4,8
290,62,Masculino,Norte,17,3,4,4,4,9
291,43,Masculino,Norte,28,5,4,5,5,9
292,56,Masculino,Sur,5,5,4,4,5,9
293,56,Masculino,Centro,23,3,4,2,3,7
294,30,Masculino,Centro,32,5,4,2,4,9
295,24,Femenino,Sur,39,3,4,3,3,6
296,20,Masculino,Centro,32,4,4,2,3,5
297,36,Masculino,Este,33,4,5,3,4,7
298,30,Femenino,Oeste,36,3,3,1,3,6
299,51,Masculino,Centro,18,5,4,3,5,10
300,70,Masculino,Sur,49,5,5,4,5,10
301,69,Femenino,Este,34,3,3,3,3,5
302,27,Femenino,Este,19,5,5,3,5,10
303,23,Masculino,Norte,11,4,3,1,4,8
304,52,Femenino,Este,23,5,5,2,5,10
305,61,Masculino,Oeste,39,5,4,2,4,8
306,70,Masculino,Norte,38,5,5,3,4,9
307,32,Masculino,Norte,26,2,4,3,3,7
308,53,Masculino,Oeste,5,5,4,2,3,5
309,59,Femenino,Este,24,5,5,3,4,9
310,37,Masculino,Norte,30,3,4,4,4,7
311,20,Femenino,Sur,23,4,3,2,3,6
312,25,Femenino,Centro,29,5,3,4,4,9
313,26,Masculino,Este,24,3,2,4,3,6
314,60,Masculino,Oeste,21,4,4,1,3,7
315,64,Femenino,Este,34,3,4,2,3,7
316,24,Masculino,Oeste,24,2,5,2,3,6
317,35,Femenino,Sur,27,5,3,3,4,7
318,46,Masculino,Centro,33,4,4,2,4,8
319,24,Masculino,Oeste,12,1,4,4,2,4
320,21,Masculino,Sur,12,5,5,3,5,9
321,25,Masculino,Norte,22,5,3,2,4,9
322,31,Femenino,Norte,13,4,5,3,4,8
323,33,Femenino,Oeste,21,2,5,3,3,5
324,22,Femenino,Oeste,63,4,3,3,3,5
325,70,Femenino,Sur,26,3,5,2,5,9
326,68,Femenino,Sur,37,4,5,3,4,7
327,26,Masculino,Centro,30,3,3,4,3,5
328,60,Femenino,Centro,20,3,4,5,3,5
329,40,Femenino,Oeste,25,5,4,3,4,8
330,19,Femenino,Sur,30,4,5,4,5,9
331,26,Masculino,Oeste,31,4,4,3,4,7
332,65,Femenino,Este,21,4,5,2,5,10
333,67,Masculino,Oeste,40,4,2,2,4,9
334,24,Masculino,Oeste,24,3,4,4,4,7
335,57,Femenino,Oeste,22,4,4,2,5,10
336,47,Femenino,Norte,21,5,5,4,5,10
337,43,Masculino,Norte,29,4,3,3,3,6
338,63,Masculino,Norte,39,4,4,3,4,7
339,38,Femenino,Norte,32,4,5,2,4,7
340,35,Masculino,Este,48,3,3,4,3,7
341,51,Masculino,Este,29,4,5,4,5,10
342,24,Femenino,Oeste,22,5,5,3,4,9
343,31,Masculino,Este,38,4,2,4,3,5
344,44,Masculino,Este,23,4,4,4,4,8
345,44,Femenino,Sur,31,4,5,4,4,8
346,38,Masculino,Sur,38,3,5,3,4,7
347,61,Masculino,Norte,22,4,4,3,4,7
348,23,Femenino,Este,5,3,3,4,5,9
349,65,Masculino,Centro,23,4,4,4,4,9
350,21,Masculino,Norte,27,5,4,3,5,10
351,40,Masculino,Norte,5,5,3,1,4,8
352,56,Masculino,Sur,41,4,5,5,5,9
353,54,Femenino,Centro,44,5,4,1,4,9
354,48,Femenino,Norte,14,5,4,3,5,10
355,53,Masculino,Norte,25,5,4,3,4,8
356,54,Femenino,Este,9,3,4,3,3,7
357,67,Femenino,Oeste,8,4,3,4,4,9
358,62,Masculino,Norte,7,4,3,3,5,9
359,35,Masculino,Sur,5,4,4,4,5,10
360,18,Femenino,Centro,15,4,3,4,4,9
361,60,Masculino,Norte,47,4,3,1,2,3
362,65,Femenino,Norte,5,4,4,1,4,9
363,51,Femenino,Este,19,4,5,4,4,8
364,47,Masculino,Centro,14,2,3,3,2,4
365,37,Masculino,Oeste,23,4,4,2,4,9
366,23,Femenino,Centro,30,3,5,3,4,7
367,66,Femenino,Norte,33,4,5,3,4,8
368,46,Masculino,Este,29,3,4,3,3,7
369,46,Masculino,Sur,23,2,4,3,3,5
370,66,Femenino,Sur,12,5,3,4,5,10
371,25,Masculino,Oeste,17,5,3,4,5,10
372,51,Masculino,Norte,16,5,4,3,5,9
373,43,Femenino,Norte,23,5,5,1,5,9
374,37,Femenino,Centro,5,5,5,2,5,10
375,36,Masculino,Norte,11,4,4,4,5,9
376,49,Masculino,Centro,41,3,4,1,2,3
377,42,Femenino,Oeste,36,5,3,2,4,9
378,60,Masculino,Norte,28,3,4,3,3,6
379,65,Femenino,Este,31,4,4,3,4,7
380,47,Femenino,Sur,20,4,5,4,4,9
381,45,Masculino,Este,33,4,5,3,4,8
382,25,Masculino,Norte,30,2,3,2,3,6
383,28,Masculino,Sur,45,5,5,4,4,7
384,45,Femenino,Centro,18,3,4,3,3,6
385,55,Masculino,Oeste,5,5,3,3,5,9
386,43,Masculino,Sur,13,1,4,4,4,7
387,39,Femenino,Norte,10,4,4,3,5,9
388,51,Femenino,Sur,6,4,4,4,5,10
389,64,Femenino,Centro,28,4,4,3,4,7
390,27,Masculino,Centro,20,4,4,4,4,7
391,56,Femenino,Norte,5,5,3,2,4,7
392,67,Masculino,Este,41,2,5,4,3,7
393,66,Masculino,Oeste,24,4,4,4,4,9
394,58,Masculino,Sur,26,4,4,3,4,7
395,46,Femenino,Este,32,1,5,3,3,6
396,58,Masculino,Sur,20,5,5,2,5,9
397,40,Femenino,Sur,13,3,3,4,4,8
398,46,Femenino,Norte,31,5,4,2,4,8
399,36,Femenino,Norte,34,5,5,4,5,10
400,47,Femenino,Este,37,4,3,3,3,7
401,59,Femenino,Sur,16,4,3,3,3,7
402,48,Femenino,Norte,27,4,3,4,4,8
403,24,Masculino,Norte,5,3,3,2,4,9
404,59,Femenino,Norte,22,4,2,4,3,5
405,63,Masculino,Este,25,4,5,2,3,7
406,51,Femenino,Sur,27,5,5,3,4,8
407,36,Masculino,Este,34,3,4,4,4,8
408,61,Femenino,Sur,58,4,4,3,2,2
409,39,Femenino,Oeste,16,4,4,3,4,9
410,42,Masculino,Sur,38,4,4,3,4,9
411,60,Femenino,Sur,34,3,3,3,2,2
412,55,Femenino,Sur,15,4,5,3,5,10
413,59,Masculino,Centro,35,4,4,3,4,9
414,63,Femenino,Sur,18,2,4,4,4,9
415,42,Masculino,Centro,36,5,4,3,4,9
416,62,Femenino,Este,21,5,5,3,5,10
417,19,Masculino,Sur,25,5,3,1,4,7
418,31,Masculino,Este,10,3,4,3,5,9
419,32,Femenino,Centro,28,4,4,2,4,7
420,36,Femenino,Oeste,24,5,3,1,4,9
421,65,Femenino,Sur,29,3,3,4,3,7
422,26,Masculino,Centro,44,3,5,3,4,7
423,29,Femenino,Este,18,4,4,2,4,7
424,44,Masculino,Centro,18,4,3,1,3,6
425,57,Masculino,Este,53,5,4,3,4,7
426,52,Femenino,Sur,31,3,5,4,4,8
427,30,Masculino,Oeste,30,4,5,4,4,8
428,47,Masculino,Este,18,4,5,2,4,9
429,51,Masculino,Centro,26,4,4,3,4,7
430,69,Femenino,Sur,42,2,3,3,2,2
431,59,Masculino,Sur,22,5,4,3,4,9
432,24,Femenino,Sur,17,4,4,4,5,9
433,66,Femenino,Sur,11,4,4,4,5,10
434,50,Femenino,Este,12,3,3,3,4,7
435,32,Masculino,Sur,36,4,4,3,3,5
436,44,Femenino,Este,50,2,4,5,3,7
437,41,Femenino,Este,22,4,4,4,3,5
438,41,Femenino,Norte,43,3,4,3,3,6
439,24,Masculino,Centro,5,4,5,2,5,9
440,20,Masculino,Este,17,4,4,2,4,9
441,26,Masculino,Este,46,4,5,2,3,7
442,18,Femenino,Norte,30,5,4,3,4,8
443,31,Femenino,Oeste,9,5,5,3,5,10
444,25,Masculino,Centro,28,4,4,5,4,8
445,25,Femenino,Centro,20,3,5,3,4,8
446,58,Masculino,Norte,40,5,4,1,4,7
447,49,Femenino,Oeste,16,5,2,4,4,9
448,33,Femenino,Sur,33,4,3,3,4,8
449,18,Masculino,Centro,26,5,5,1,5,10
450,29,Femenino,Oeste,26,3,3,3,4,8
451,22,Femenino,Este,23,5,3,3,4,8
452,20,Masculino,Sur,29,5,4,1,4,8
453,65,Femenino,Sur,30,4,5,2,4,7
454,40,Femenino,Norte,39,2,4,2,3,7
455,65,Masculino,Centro,29,4,3,3,3,5
456,40,Masculino,Centro,11,5,3,4,5,10
457,62,Masculino,Centro,5,3,5,2,4,7
458,22,Masculino,Norte,30,5,4,2,5,10
459,30,Femenino,Centro,45,5,4,2,3,5
460,38,Masculino,Oeste,31,4,5,4,4,8
461,70,Masculino,Sur,37,3,4,3,4,7
462,66,Femenino,Sur,62,5,4,4,4,8
463,67,Femenino,Sur,21,5,4,3,5,10
464,25,Masculino,Este,30,5,4,2,4,8
465,65,Masculino,Este,30,5,4,5,5,10
466,29,Masculino,Este,33,3,4,4,4,8
467,69,Masculino,Norte,21,4,3,3,4,9
468,45,Femenino,Este,31,5,4,3,4,9
469,70,Femenino,Oeste,33,4,4,2,3,6
470,38,Femenino,Norte,38,4,3,4,3,6
471,60,Masculino,Sur,37,5,5,2,5,10
472,56,Masculino,Centro,28,4,4,1,4,9
473,46,Masculino,Este,12,3,3,4,3,5
474,64,Masculino,Oeste,43,3,3,2,3,6
475,35,Femenino,Norte,23,3,4,4,4,9
476,58,Masculino,Sur,42,4,3,3,3,7
477,69,Femenino,Norte,13,3,4,3,4,7
478,56,Masculino,Norte,15,4,3,4,5,9
479,22,Femenino,Sur,5,3,3,2,3,6
480,42,Femenino,Oeste,7,3,3,3,4,7
481,61,Masculino,Sur,16,4,4,3,5,10
482,46,Femenino,Oeste,41,3,5,4,3,5
483,51,Masculino,Este,34,5,3,2,4,8
484,59,Masculino,Centro,28,5,4,3,4,7
485,19,Femenino,Este,37,5,4,3,3,7
486,42,Femenino,Sur,31,5,4,4,4,8
487,63,Masculino,Centro,31,3,4,3,3,7
488,36,Masculino,Centro,20,4,5,3,4,7
489,26,Femenino,Este,45,5,3,4,4,7
490,63,Masculino,Norte,28,4,4,2,3,7
491,38,Masculino,Norte,14,3,4,2,4,9
492,52,Masculino,Sur,42,3,4,3,3,5
493,63,Femenino,Sur,25,5,4,2,5,9
494,25,Femenino,Centro,35,3,4,4,3,5
495,68,Masculino,Norte,37,5,3,2,4,8
496,53,Masculino,Este,33,4,5,2,4,9
497,26,Femenino,Norte,17,5,5,2,4,8
498,43,Masculino,Oeste,35,4,4,3,3,6
499,67,Masculino,Oeste,24,3,4,4,3,5
500,26,Masculino,Norte,34,4,4,4,4,8
501,47,Masculino,Centro,31,5,4,2,4,9
502,58,Femenino,Centro,15,5,5,2,4,8
503,50,Femenino,Norte,30,5,4,3,4,9
504,27,Masculino,Centro,28,4,2,3,3,5
505,38,Femenino,Sur,27,5,4,3,5,10
506,23,Masculino,Centro,30,4,4,5,4,9
507,53,Masculino,Centro,30,3,4,2,3,7
508,37,Femenino,Oeste,21,5,5,2,5,9
509,55,Femenino,Centro,16,3,4,3,5,10
510,54,Femenino,Norte,30,3,4,4,5,9
511,20,Masculino,Centro,5,2,5,3,3,7
512,44,Femenino,Este,31,1,4,3,3,7
513,52,Masculino,Sur,12,4,3,3,3,6
514,33,Masculino,Sur,20,3,5,4,4,8
515,22,Femenino,Centro,25,3,4,3,5,10
516,44,Masculino,Este,11,5,5,3,5,9
517,39,Femenino,Sur,29,4,4,4,5,10
518,64,Masculino,Este,17,3,4,2,3,5
519,66,Masculino,Oeste,39,4,4,3,4,9
520,24,Masculino,Centro,5,3,4,4,4,8
521,25,Masculino,Este,5,5,3,2,4,7
522,27,Femenino,Norte,22,3,2,4,4,8
523,42,Masculino,Centro,32,3,4,3,4,7
524,70,Masculino,Oeste,33,3,4,3,4,9
525,38,Femenino,Centro,33,5,4,4,5,10
526,50,Masculino,Este,14,5,5,3,5,10
527,49,Femenino,Norte,28,4,4,3,5,10
528,50,Masculino,Centro,37,4,5,2,4,7
529,55,Masculino,Norte,46,4,3,2,3,5
530,36,Masculino,Oeste,15,4,3,3,4,9
531,61,Masculino,Sur,14,5,4,4,4,9
532,18,Femenino,Este,35,3,5,3,4,7
533,34,Masculino,Este,10,3,4,2,4,8
534,20,Masculino,Norte,8,5,3,4,5,9
535,41,Masculino,Norte,16,5,4,2,4,8
536,50,Masculino,Oeste,5,4,3,3,4,8
537,70,Femenino,Centro,33,4,4,4,4,7
538,43,Masculino,Sur,28,4,3,4,4,9
539,41,Femenino,Centro,12,4,4,3,4,9
540,50,Masculino,Oeste,42,5,3,4,5,9
541,20,Femenino,Centro,29,5,5,4,5,10
542,69,Masculino,Oeste,37,4,4,3,4,8
543,27,Femenino,Sur,15,5,4,2,5,10
544,28,Masculino,Oeste,5,5,5,2,5,10
545,55,Masculino,Oeste,48,3,3,4,4,9
546,52,Masculino,Oeste,25,5,5,2,4,8
547,48,Femenino,Sur,39,5,4,2,5,10
548,61,Femenino,Este,18,4,4,5,5,10
549,68,Femenino,Oeste,29,4,4,4,3,6
550,34,Femenino,Norte,21,4,3,3,4,9
551,48,Femenino,Oeste,46,5,4,3,4,9
552,64,Masculino,Centro,19,4,3,2,4,9
553,33,Femenino,Oeste,32,3,5,2,4,9
554,25,Femenino,Norte,34,4,4,2,4,8
555,38,Masculino,Centro,22,3,4,1,3,6
556,62,Femenino,Este,21,4,4,3,4,9
557,67,Masculino,Norte,35,3,3,2,3,7
558,26,Femenino,Oeste,20,3,3,3,3,6
559,60,Masculino,Oeste,32,3,4,2,3,6
560,38,Femenino,Este,14,5,3,3,4,9
561,39,Masculino,Sur,27,5,4,2,4,9
562,48,Femenino,Centro,5,4,3,4,4,8
563,53,Masculino,Centro,23,3,5,3,5,10
564,67,Masculino,Centro,34,4,4,3,3,7
565,63,Masculino,Sur,21,5,4,2,4,8
566,40,Masculino,Sur,45,5,4,4,4,7
567,54,Masculino,Este,5,3,5,3,4,8
568,67,Femenino,Sur,21,5,5,5,5,9
569,36,Femenino,Sur,28,2,5,2,3,6
570,59,Masculino,Este,11,3,3,2,3,5
571,30,Masculino,Oeste,18,5,3,3,5,10
572,26,Femenino,Oeste,18,3,4,4,4,9
573,55,Femenino,Centro,18,4,3,4,4,7
574,60,Femenino,Centro,21,3,3,4,4,7
575,24,Masculino,Sur,17,4,2,2,3,7
576,48,Femenino,Centro,14,3,3,3,3,5
577,53,Femenino,Este,5,2,4,3,2,5
578,48,Femenino,Sur,19,3,5,3,4,8
579,36,Femenino,Norte,26,2,5,3,4,9
580,54,Femenino,Oeste,72,2,5,3,3,7
581,64,Femenino,Centro,24,4,4,3,3,6
582,29,Femenino,Este,34,4,3,3,4,8
583,29,Masculino,Norte,18,4,3,4,4,7
584,37,Femenino,Sur,47,4,5,3,4,8
585,47,Masculino,Centro,16,5,4,3,5,10
586,35,Femenino,Norte,28,4,4,5,5,10
587,28,Masculino,Sur,35,4,3,4,4,9
588,29,Femenino,Sur,42,3,4,1,3,6
589,54,Femenino,Centro,36,4,5,3,4,9
590,58,Masculino,Este,11,4,2,3,3,7
591,38,Femenino,Este,39,5,4,5,4,9
592,24,Femenino,Centro,45,5,4,4,4,8
593,38,Femenino,Norte,15,3,4,2,4,8
594,42,Femenino,Este,21,4,4,1,4,8
595,39,Masculino,Oeste,5,4,3,5,5,9
596,34,Masculino,Centro,26,5,3,4,4,7
597,60,Femenino,Este,28,5,5,3,4,8
598,28,Masculino,Oeste,13,4,4,2,5,10
599,62,Femenino,Sur,43,5,4,3,4,8
600,57,Femenino,Centro,25,4,3,3,4,7
601,48,Femenino,Este,5,3,4,5,4,9
602,56,Masculino,Este,8,4,3,4,4,9
603,53,Masculino,Oeste,23,5,3,2,4,9
604,70,Femenino,Centro,37,2,2,3,2,2
605,51,Masculino,Oeste,39,4,4,4,3,7
606,41,Femenino,Oeste,20,4,4,2,4,7
607,21,Femenino,Oeste,5,3,4,2,4,9
608,27,Femenino,Sur,30,4,4,2,4,9
609,46,Femenino,Centro,32,4,4,3,4,9
610,55,Masculino,Norte,5,5,4,3,5,10
611,69,Femenino,Este,8,3,4,2,5,9
612,50,Masculino,Este,14,3,4,2,3,7
613,21,Masculino,Sur,28,4,4,2,3,7
614,19,Masculino,Sur,28,5,4,3,5,9
615,65,Femenino,Oeste,9,5,4,5,5,9
616,20,Masculino,Sur,46,5,4,3,4,9
617,22,Femenino,Norte,39,4,2,2,3,6
618,20,Masculino,Este,28,4,5,1,4,7
619,67,Femenino,Este,5,5,4,3,4,8
620,42,Masculino,Este,40,5,4,3,4,8
621,23,Femenino,Sur,16,5,5,4,5,9
622,29,Masculino,Oeste,29,3,4,3,2,3
623,64,Femenino,Norte,11,4,4,2,4,7
624,37,Masculino,Oeste,28,4,3,4,5,10
625,52,Masculino,Centro,19,3,4,3,4,7
626,47,Masculino,Centro,33,2,5,3,3,6
627,30,Femenino,Norte,23,4,3,4,4,9
628,44,Femenino,Centro,30,5,3,3,4,7
629,22,Femenino,Oeste,35,2,4,2,3,5
630,46,Femenino,Centro,30,3,3,3,3,7
631,20,Masculino,Este,35,4,2,3,3,5
632,52,Femenino,Norte,5,3,4,4,4,7
633,50,Masculino,Centro,17,4,4,2,3,7
634,54,Masculino,Oeste,5,4,4,3,4,9
635,67,Masculino,Centro,13,5,3,4,4,8
636,27,Femenino,Este,15,3,4,4,4,8
637,35,Femenino,Oeste,36,5,3,3,3,7
638,65,Femenino,Este,40,3,5,4,5,10
639,21,Masculino,Este,20,5,5,2,4,9
640,38,Masculino,Este,5,5,2,3,4,7
641,37,Masculino,Centro,27,4,4,4,4,9
642,48,Femenino,Centro,16,3,5,4,4,8
643,63,Femenino,Este,39,3,5,5,4,7
644,53,Masculino,Este,46,2,4,2,3,7
645,51,Femenino,Este,12,5,5,4,5,9
646,34,Femenino,Sur,13,3,5,4,4,9
647,23,Masculino,Sur,19,2,3,5,3,5
648,52,Femenino,Norte,27,5,3,3,5,10
649,42,Femenino,Norte,25,5,3,4,4,7
650,69,Femenino,Este,34,4,3,3,3,5
651,39,Masculino,Norte,32,4,5,4,4,7
652,30,Femenino,Este,26,3,3,4,4,7
653,62,Femenino,Este,22,4,3,4,4,7
654,53,Masculino,Sur,48,3,4,3,3,6
655,47,Masculino,Sur,22,3,5,4,4,8
656,41,Masculino,Este,41,5,4,3,4,7
657,69,Masculino,Sur,14,4,2,4,3,5
658,41,Masculino,Este,43,4,4,2,3,5
659,54,Femenino,Centro,42,2,5,3,2,2
660,34,Masculino,Sur,12,5,3,2,5,9
661,30,Masculino,Centro,29,3,4,2,4,8
662,54,Femenino,Este,37,5,4,5,4,9
663,59,Masculino,Sur,10,4,5,2,4,8
664,64,Masculino,Este,29,4,3,4,5,9
665,64,Masculino,Centro,27,3,3,3,4,7
666,64,Masculino,Centro,30,4,4,2,4,9
667,59,Femenino,Oeste,35,2,5,4,4,7
668,22,Femenino,Norte,8,3,4,4,5,10
669,26,Femenino,Norte,33,4,3,4,3,7
670,27,Femenino,Centro,44,4,5,4,4,9
671,47,Masculino,Norte,18,4,4,3,4,9
672,58,Masculino,Este,23,4,2,3,3,5
673,18,Masculino,Norte,11,2,3,2,3,5
674,51,Masculino,Oeste,48,3,4,3,3,6
675,19,Masculino,Centro,24,3,5,5,3,5
676,24,Femenino,Centro,12,4,3,4,4,7
677,57,Masculino,Sur,50,5,4,4,5,10
678,68,Masculino,Norte,18,3,4,4,4,8
679,43,Masculino,Oeste,6,3,4,3,5,9
680,62,Femenino,Sur,8,5,5,5,5,9
681,59,Femenino,Norte,30,5,4,3,5,10
682,42,Masculino,Oeste,5,5,4,3,5,10
683,21,Femenino,Centro,16,4,5,2,4,7
684,49,Masculino,Sur,23,5,4,2,4,9
685,24,Femenino,Centro,17,4,4,3,3,5
686,62,Masculino,Sur,37,4,5,3,5,9
687,22,Masculino,Oeste,30,5,4,3,5,9
688,29,Masculino,Norte,35,5,3,2,4,7
689,55,Femenino,Este,26,3,4,5,4,7
690,37,Femenino,Oeste,11,4,3,3,4,7
691,54,Masculino,Oeste,19,3,4,2,2,4
692,42,Femenino,Norte,49,5,4,3,3,7
693,65,Masculino,Norte,45,5,4,4,4,7
694,45,Femenino,Norte,8,4,4,3,4,8
695,56,Masculino,Sur,23,4,4,2,3,5
696,58,Masculino,Este,9,5,2,4,5,10
697,32,Masculino,Oeste,21,1,4,3,2,5
698,45,Femenino,Oeste,18,5,5,2,4,9
699,42,Femenino,Oeste,21,4,4,2,4,8
700,69,Femenino,Norte,48,5,4,3,4,7
701,35,Femenino,Este,39,3,4,3,3,7
702,68,Femenino,Este,8,4,4,4,4,8
703,41,Femenino,Norte,39,3,5,1,3,5
704,37,Masculino,Sur,30,3,4,4,2,4
705,24,Femenino,Norte,31,2,3,5,3,5
706,45,Masculino,Oeste,10,4,5,1,4,9
707,50,Masculino,Norte,42,5,4,2,5,9
708,23,Masculino,Oeste,44,5,3,3,4,7
709,56,Masculino,Este,28,5,5,2,5,9
710,36,Masculino,Este,28,5,5,2,4,7
711,64,Femenino,Oeste,18,2,4,5,3,7
712,28,Masculino,Centro,24,5,4,3,4,7
713,35,Masculino,Sur,27,3,2,4,3,6
714,27,Femenino,Centro,25,4,5,3,5,10
715,35,Masculino,Sur,21,5,4,3,4,8
716,68,Femenino,Sur,28,3,3,2,2,4
717,33,Masculino,Oeste,50,5,5,2,4,9
718,30,Masculino,Norte,9,3,3,4,3,5
719,37,Femenino,Este,37,5,5,2,5,10
720,57,Masculino,Sur,38,3,5,3,3,6
721,39,Masculino,Oeste,15,3,5,3,4,7
722,37,Masculino,Oeste,15,3,5,2,4,9
723,30,Masculino,Sur,25,4,4,3,4,7
724,43,Masculino,Sur,33,3,4,4,4,9
725,62,Masculino,Oeste,8,4,2,3,5,9
726,38,Masculino,Sur,13,3,5,1,3,6
727,41,Femenino,Oeste,32,3,4,4,4,7
728,55,Femenino,Oeste,28,4,4,3,4,7
729,64,Masculino,Centro,19,4,3,3,3,6
730,69,Masculino,Norte,11,4,4,4,4,8
731,61,Masculino,Centro,29,5,4,2,4,9
732,37,Femenino,Sur,29,4,2,3,4,9
733,27,Masculino,Este,20,3,4,3,4,7
734,46,Masculino,Oeste,9,5,4,3,5,10
735,52,Masculino,Oeste,37,5,3,4,4,7
736,68,Masculino,Oeste,25,4,4,4,4,9
737,58,Femenino,Norte,11,4,4,4,5,9
738,60,Masculino,Centro,14,5,4,4,5,9
739,54,Masculino,Sur,31,5,5,4,5,10
740,24,Femenino,Norte,21,3,4,4,4,8
741,32,Femenino,Este,37,5,3,2,4,8
742,43,Masculino,Oeste,28,3,5,3,4,9
743,50,Femenino,Sur,7,3,4,1,4,7
744,48,Femenino,Sur,23,5,5,3,5,10
745,23,Femenino,Centro,36,5,3,1,3,6
746,37,Masculino,Este,31,4,5,2,3,5
747,51,Masculino,Sur,35,3,2,3,3,6
748,24,Masculino,Este,23,4,4,3,3,6
749,22,Masculino,Norte,16,5,4,3,4,9
750,25,Femenino,Sur,22,2,4,4,3,7
751,24,Femenino,Centro,17,4,5,3,4,9
752,29,Femenino,Sur,5,4,5,3,5,10
753,47,Femenino,Este,28,4,3,4,4,9
754,29,Femenino,Este,25,3,5,4,4,8
755,19,Femenino,Este,37,4,3,2,2,5
756,42,Femenino,Centro,30,2,3,1,2,3
757,35,Femenino,Oeste,23,4,3,2,4,7
758,69,Femenino,Sur,18,4,3,3,4,8
759,30,Masculino,Norte,32,4,4,3,4,8
760,60,Masculino,Oeste,21,4,4,2,3,7
761,38,Masculino,Oeste,8,2,3,3,3,6
762,55,Femenino,Sur,31,4,2,4,4,8
763,47,Femenino,Sur,13,4,3,3,3,7
764,55,Femenino,Centro,5,4,4,3,4,8
765,25,Femenino,Sur,20,4,4,3,4,7
766,29,Masculino,Centro,39,3,4,4,4,9
767,42,Masculino,Oeste,22,3,5,2,3,5
768,54,Masculino,Este,20,5,4,2,4,7
769,49,Femenino,Oeste,17,3,5,2,5,9
770,49,Masculino,Centro,34,5,4,3,4,7
771,38,Masculino,Oeste,18,4,5,2,4,7
772,40,Femenino,Este,23,3,4,2,3,5
773,30,Masculino,Oeste,19,3,4,3,3,7
774,59,Masculino,Este,16,4,5,3,5,10
775,44,Masculino,Este,8,4,3,2,3,5
776,23,Femenino,Centro,39,5,4,1,4,8
777,20,Masculino,Centro,28,4,3,2,3,7
778,36,Femenino,Este,31,2,4,3,3,7
779,65,Masculino,Oeste,33,5,3,1,3,7
780,25,Femenino,Sur,37,5,5,3,5,10
781,52,Femenino,Este,18,4,5,2,5,9
782,45,Femenino,Centro,21,5,3,4,4,8
783,20,Masculino,Sur,8,4,5,2,4,8
784,70,Femenino,Este,23,4,4,4,4,7
785,67,Femenino,Centro,47,4,4,1,3,7
786,55,Masculino,Oeste,20,5,4,2,4,9
787,45,Femenino,Oeste,33,5,5,4,5,9
788,68,Femenino,Centro,29,5,3,3,4,7
789,54,Masculino,Oeste,29,5,4,1,4,8
790,56,Femenino,Sur,35,5,4,3,4,9
791,36,Masculino,Oeste,31,3,5,4,4,8
792,50,Femenino,Centro,17,4,4,4,4,8
793,21,Masculino,Centro,16,5,4,4,4,9
794,26,Femenino,Centro,29,4,2,5,4,9
795,38,Femenino,Este,20,3,4,3,4,8
796,27,Masculino,Este,27,5,5,4,4,8
797,46,Femenino,Norte,41,5,5,2,4,8
798,50,Masculino,Sur,5,5,4,5,5,10
799,49,Masculino,Oeste,5,4,2,4,3,5
800,67,Femenino,Este,25,2,4,5,4,9
801,60,Masculino,Norte,14,4,4,3,3,7
802,43,Femenino,Este,32,1,3,3,2,3
803,49,Masculino,Sur,25,3,3,3,3,6
804,39,Femenino,Oeste,18,4,5,2,4,8
805,68,Masculino,Norte,51,3,3,4,2,2
806,24,Masculino,Norte,21,3,4,5,4,7
807,28,Masculino,Este,35,3,3,1,2,2
808,45,Femenino,Centro,36,5,4,3,4,9
809,37,Femenino,Sur,27,5,3,3,5,9
810,59,Masculino,Sur,20,5,5,3,5,9
811,41,Femenino,Norte,16,4,4,3,4,8
812,58,Masculino,Centro,27,5,4,4,4,8
813,59,Femenino,Norte,33,4,3,3,3,5
814,31,Masculino,Norte,17,4,4,2,4,7
815,55,Femenino,Oeste,31,3,3,3,3,7
816,46,Femenino,Norte,26,4,2,3,3,7
817,39,Femenino,Este,32,3,5,1,4,9
818,26,Masculino,Norte,22,5,4,4,4,7
819,42,Femenino,Norte,11,5,4,3,5,9
820,38,Masculino,Sur,12,5,4,3,5,9
821,42,Femenino,Centro,6,3,5,4,4,7
822,51,Femenino,Oeste,27,4,5,3,4,9
823,28,Masculino,Sur,38,3,5,1,4,9
824,31,Femenino,Este,20,4,2,3,3,7
825,61,Masculino,Centro,17,4,5,3,5,9
826,24,Femenino,Norte,11,3,5,2,5,10
827,40,Masculino,Sur,22,4,5,4,4,7
828,33,Masculino,Norte,20,4,4,4,4,7
829,53,Masculino,Norte,32,5,4,3,4,9
830,37,Femenino,Oeste,5,4,4,2,4,9
831,50,Femenino,Este,24,5,4,2,5,10
832,59,Femenino,Centro,22,5,4,2,4,8
833,42,Femenino,Centro,25,4,4,1,3,6
834,58,Femenino,Oeste,34,4,4,4,4,7
835,41,Masculino,Centro,6,4,4,2,4,8
836,54,Masculino,Sur,30,4,4,5,4,9
837,61,Femenino,Este,28,3,3,2,3,5
838,19,Femenino,Norte,29,5,3,3,4,8
839,31,Femenino,Norte,29,4,5,1,3,6
840,50,Masculino,Oeste,19,5,3,1,4,8
841,45,Masculino,Norte,27,3,3,2,3,7
842,52,Femenino,Sur,17,4,2,2,3,5
843,37,Femenino,Oeste,21,3,5,1,4,7
844,69,Femenino,Oeste,31,5,4,3,3,6
845,43,Femenino,Sur,5,5,4,4,4,9
846,45,Femenino,Norte,31,5,4,3,4,7
847,23,Masculino,Norte,6,5,4,4,4,8
848,57,Femenino,Sur,10,5,4,4,5,9
849,25,Femenino,Centro,5,5,4,4,5,9
850,28,Masculino,Sur,6,4,5,3,5,10
851,28,Masculino,Centro,37,4,4,2,4,9
852,67,Masculino,Norte,37,3,5,3,3,5
853,39,Masculino,Sur,36,4,5,3,4,9
854,22,Masculino,Oeste,30,4,2,2,4,9
855,22,Masculino,Este,23,3,3,2,2,4
856,21,Masculino,Oeste,23,3,3,3,3,5
857,41,Femenino,Sur,50,2,5,4,3,5
858,54,Femenino,Centro,27,4,4,5,5,9
859,20,Femenino,Centro,31,4,3,3,4,7
860,48,Masculino,Este,6,3,4,2,3,5
861,29,Femenino,Oeste,19,3,3,4,3,7
862,65,Masculino,Centro,5,3,5,3,4,8
863,33,Masculino,Sur,25,2,4,3,3,6
864,70,Femenino,Oeste,37,3,5,3,3,6
865,25,Femenino,Centro,24,4,5,2,4,7
866,69,Femenino,Este,37,3,5,5,4,7
867,47,Masculino,Sur,33,3,5,3,4,8
868,23,Masculino,Norte,17,2,4,1,3,6
869,30,Masculino,Oeste,36,4,5,4,4,8
870,65,Femenino,Este,25,4,3,2,3,6
871,55,Masculino,Centro,5,4,4,1,4,9
872,52,Femenino,Centro,33,4,4,4,4,7
873,44,Femenino,Centro,28,3,4,4,3,7
874,40,Femenino,Sur,50,3,4,2,3,5
875,66,Masculino,Sur,5,3,3,3,4,7
876,31,Femenino,Este,32,2,5,3,3,6
877,21,Femenino,Sur,26,4,3,3,3,5
878,20,Femenino,Oeste,20,3,3,3,4,8
879,62,Masculino,Este,31,5,4,2,5,9
880,55,Femenino,Oeste,8,3,3,4,4,7
881,58,Masculino,Norte,30,5,3,3,4,9
882,54,Femenino,Este,35,4,4,4,4,9
883,26,Femenino,Sur,16,4,3,1,4,8
884,38,Masculino,Sur,32,4,2,3,2,4
885,46,Masculino,Centro,41,3,5,4,3,5
886,30,Femenino,Oeste,11,4,3,3,4,7
887,27,Femenino,Centro,5,2,4,2,3,6
888,47,Masculino,Este,33,5,4,3,4,7
889,52,Masculino,Centro,8,4,4,4,3,6
890,37,Masculino,Sur,15,3,4,3,4,7
891,23,Femenino,Sur,19,4,5,3,5,9
892,31,Masculino,Centro,28,3,3,1,3,5
893,63,Femenino,Sur,39,5,5,4,4,8
894,50,Femenino,Sur,11,5,4,3,5,10
895,70,Femenino,Norte,28,5,5,4,5,10
896,46,Femenino,Norte,31,4,5,2,5,10
897,24,Femenino,Norte,10,4,3,4,4,7
898,21,Femenino,Centro,5,4,4,4,5,9
899,70,Masculino,Sur,29,3,4,3,4,9
900,58,Femenino,Oeste,45,3,5,1,3,7
901,34,Femenino,Norte,13,3,3,3,3,5
902,30,Masculino,Centro,29,5,4,4,4,7
903,69,Masculino,Norte,10,5,4,2,4,7
904,47,Femenino,Centro,14,4,4,3,4,9
905,45,Masculino,Este,19,5,4,5,5,9
906,42,Masculino,Centro,38,3,5,3,3,6
907,31,Femenino,Sur,27,5,4,2,5,10
908,46,Femenino,Norte,17,4,4,3,4,9
909,57,Femenino,Sur,12,5,3,2,4,8
910,44,Masculino,Norte,32,4,4,3,4,7
911,35,Masculino,Centro,41,5,5,2,4,8
912,30,Femenino,Oeste,21,3,4,2,4,7
913,42,Masculino,Este,12,5,3,3,5,10
914,40,Masculino,Este,18,5,3,4,4,8
915,29,Femenino,Sur,17,4,5,2,4,9
916,32,Femenino,Sur,22,3,5,2,4,7
917,69,Masculino,Oeste,27,3,4,4,4,8
918,67,Femenino,Centro,39,5,5,3,4,7
919,33,Femenino,Sur,17,4,4,1,4,9
920,70,Femenino,Centro,26,4,5,3,5,10
921,40,Femenino,Centro,22,5,5,4,4,7
922,55,Masculino,Sur,21,4,4,4,4,9
923,19,Masculino,Oeste,25,2,5,2,3,7
924,27,Femenino,Este,21,5,2,3,4,9
925,37,Femenino,Este,19,5,3,4,5,9
926,23,Femenino,Centro,40,3,3,4,3,7
927,32,Femenino,Oeste,6,3,4,4,4,8
928,18,Masculino,Oeste,5,5,3,1,3,5
929,69,Femenino,Sur,34,4,4,4,4,9
930,29,Masculino,Norte,44,3,4,1,3,5
931,27,Femenino,Norte,22,5,4,4,5,10
932,22,Masculino,Este,50,4,3,3,3,7
933,24,Masculino,Sur,42,4,4,3,4,8
934,26,Femenino,Este,23,3,5,2,4,9
935,49,Masculino,Centro,32,2,4,2,3,7
936,53,Masculino,Centro,13,5,5,4,5,9
937,42,Masculino,Sur,22,3,5,2,3,5
938,29,Femenino,Oeste,32,3,3,2,3,6
939,67,Femenino,Centro,24,4,5,4,4,9
940,38,Femenino,Oeste,22,5,5,3,5,9
941,49,Femenino,Sur,13,3,5,4,4,9
942,22,Femenino,Sur,23,5,4,4,5,10
943,28,Femenino,Sur,17,5,4,3,5,10
944,18,Masculino,Centro,24,5,5,4,5,9
945,62,Femenino,Sur,37,5,4,3,4,8
946,68,Femenino,Norte,5,4,4,5,5,9
947,42,Masculino,Este,10,4,3,3,4,7
948,44,Masculino,Este,36,3,4,2,3,6
949,52,Masculino,Norte,31,4,4,3,5,10
950,68,Femenino,Centro,21,4,3,2,4,8
951,22,Femenino,Sur,38,4,4,3,3,5
952,38,Masculino,Norte,28,3,5,2,4,7
953,39,Femenino,Este,9,5,5,3,5,9
954,64,Femenino,Oeste,27,3,4,4,4,7
955,39,Masculino,Norte,25,3,5,3,3,6
956,59,Femenino,Oeste,34,4,5,2,2,5
957,28,Femenino,Norte,28,4,3,2,5,10
958,31,Femenino,Este,21,5,3,1,4,9
959,53,Masculino,Sur,21,4,4,3,4,8
960,33,Femenino,Norte,9,4,2,1,4,8
961,54,Masculino,Centro,31,4,3,2,3,5
962,41,Femenino,Este,5,3,5,4,4,7
963,36,Masculino,Centro,34,2,5,2,3,5
964,19,Femenino,Centro,22,5,3,4,4,9
965,36,Femenino,Este,23,4,3,3,4,7
966,37,Masculino,Este,27,4,5,4,4,8
967,60,Masculino,Norte,35,3,4,4,2,5
968,29,Masculino,Este,26,4,3,4,3,6
969,29,Masculino,Norte,15,4,5,3,5,10
970,46,Masculino,Sur,31,2,4,2,3,5
971,35,Femenino,Centro,5,5,4,3,5,9
972,23,Masculino,Oeste,53,5,5,3,4,8
973,66,Femenino,Oeste,19,3,3,2,3,5
974,42,Masculino,Oeste,5,4,4,3,4,9
975,48,Femenino,Este,61,5,3,3,3,6
976,23,Masculino,Norte,12,3,4,2,4,9
977,54,Femenino,Norte,36,5,3,3,4,8
978,29,Femenino,Centro,19,3,5,3,4,7
979,26,Femenino,Este,15,3,4,3,3,5
980,61,Masculino,Centro,24,2,3,4,3,7
981,27,Masculino,Sur,20,3,3,3,4,9
982,69,Femenino,Norte,36,4,3,3,3,6
983,53,Masculino,Oeste,18,5,5,3,4,8
984,35,Masculino,Norte,27,5,4,4,5,10
985,25,Masculino,Centro,44,4,4,4,4,7
986,54,Femenino,Norte,18,4,4,2,4,9
987,67,Femenino,Sur,38,2,5,4,3,7
988,40,Masculino,Sur,31,4,5,4,4,8
989,59,Masculino,Oeste,32,4,4,2,5,10
990,20,Femenino,Sur,37,3,3,3,3,6
991,27,Masculino,Norte,27,5,5,4,5,10
992,39,Femenino,Norte,8,4,5,3,5,10
993,35,Masculino,Norte,21,3,4,3,3,6
994,70,Masculino,Sur,22,3,5,3,5,10
995,49,Femenino,Centro,43,4,3,1,2,3
996,37,Masculino,Sur,8,5,4,3,4,8
997,64,Masculino,Oeste,10,5,4,3,5,9
998,30,Masculino,Centro,44,4,4,3,5,10
999,65,Masculino,Oeste,5,5,4,4,5,10
1000,70,Femenino,Oeste,24,5,5,4,4,7
