DNI,Nom,Cognoms,País d'origen,Ciutat,Dia,Mes,Any,Gènere,Salari mensual,Fills,Grup Professional,Nom Complet,Nascut_Espanya,Data_naixament,Edat_actual,Increment
28973553Z,Mia,Schneider Fischer,Alemanya,Berlín,22,10,1976,Altres,998.55,No,Grup A,Mia Schneider Fischer,No,1976-10-22,49,0.05
14773153R,Lea,Fischer,Alemanya,Berlín,9,9,1986,Dona,1438.5,Sí,Grup A,Lea Fischer,No,1986-09-09,39,0.05
23266650S,Lea,Müller,Alemanya,Hamburg,14,4,2003,Dona,1379.7,No,Grup A,Lea Müller,No,2003-04-14,23,0.05
74158500N,Laura,Schneider,Alemanya,Hamburg,25,1,1957,Dona,1436.4,No,Grup A,Laura Schneider,No,1957-01-25,69,0.05
23128433S,Anna,Müller,Alemanya,Munic,18,3,1956,Dona,1344.0,No,Grup A,Anna Müller,No,1956-03-18,70,0.05
90109014Q,Mia,Schneider Müller,Alemanya,Munic,28,3,1957,Dona,804.3,No,Grup A,Mia Schneider Müller,No,1957-03-28,69,0.05
95605596P,Lukas,Müller Schmidt,Alemanya,Munic,23,2,2005,Home,1651.65,No,Grup A,Lukas Müller Schmidt,No,2005-02-23,21,0.05
18876645B,Matías,Gómez Álvarez,Argentina,Buenos Aires,4,12,1955,Home,1378.65,No,Grup A,Matías Gómez Álvarez,No,1955-12-04,70,0.05
74694535Z,Lucía,Fernández,Argentina,Buenos Aires,8,8,1953,Dona,802.2,No,Grup A,Lucía Fernández,No,1953-08-08,72,0.05
91347406Y,Lucía,Fernández,Argentina,Buenos Aires,28,11,1978,,795.9,No,Grup A,Lucía Fernández,No,1978-11-28,47,0.05
33214782A,Matías,Rodríguez,Argentina,Buenos Aires,12,6,1950,,1107.75,No,Grup A,Matías Rodríguez,No,1950-06-12,75,0.05
83374173K,Florencia,Álvarez,Argentina,Buenos Aires,14,11,1961,Dona,1095.15,No,Grup A,Florencia Álvarez,No,1961-11-14,64,0.05
26130098V,Lucas,Álvarez,Argentina,Buenos Aires,2,8,1978,Home,943.95,Sí,Grup A,Lucas Álvarez,No,1978-08-02,47,0.05
72582805W,Juan,Álvarez,Argentina,Buenos Aires,21,2,1968,Home,931.35,Sí,Grup A,Juan Álvarez,No,1968-02-21,58,0.05
76096673N,Lucía,Álvarez,Argentina,Buenos Aires,10,8,1972,Altres,1198.05,No,Grup A,Lucía Álvarez,No,1972-08-10,53,0.05
31385792P,Matías,Fernández,Argentina,Buenos Aires,28,4,1953,Home,1315.65,No,Grup A,Matías Fernández,No,1953-04-28,73,0.05
21674643A,Julieta,Fernández,Argentina,Buenos Aires,28,1,1961,Dona,1567.65,Sí,Grup A,Julieta Fernández,No,1961-01-28,65,0.05
23645745S,Martina,Gómez,Argentina,Buenos Aires,5,12,1963,Dona,1042.65,No,Grup A,Martina Gómez,No,1963-12-05,62,0.05
89545864F,Tomás,Gómez,Argentina,Còrdova,19,1,1996,Home,1159.2,Sí,Grup A,Tomás Gómez,No,1996-01-19,30,0.05
61343247E,Florencia,Gómez,Argentina,Còrdova,8,7,1984,,1673.7,No,Grup A,Florencia Gómez,No,1984-07-08,41,0.05
57516393C,Lucía,Fernández Álvarez,Argentina,Còrdova,11,3,1973,Dona,718.2,Sí,Grup A,Lucía Fernández Álvarez,No,1973-03-11,53,0.05
25883422V,Tomás,Fernández Fernández,Argentina,Còrdova,13,6,1964,Home,1090.95,No,Grup A,Tomás Fernández Fernández,No,1964-06-13,61,0.05
96617848Y,Valentina,Gutiérrez Castro,Colòmbia,Bogotà,2,1,2001,Altres,1117.2,No,Grup A,Valentina Gutiérrez Castro,No,2001-01-02,25,0.05
24213568B,Felipe,Torres,Colòmbia,Bogotà,19,3,1970,Home,1302.0,Sí,Grup A,Felipe Torres,No,1970-03-19,56,0.05
18968118M,Felipe,Gutiérrez Torres,Colòmbia,Bogotà,25,10,2004,Home,1444.8,No,Grup A,Felipe Gutiérrez Torres,No,2004-10-25,21,0.05
57512928A,Laura,Castro Gutiérrez,Colòmbia,Bogotà,18,2,1950,Dona,1044.75,No,Grup A,Laura Castro Gutiérrez,No,1950-02-18,76,0.05
27395242L,Daniel,Castro Torres,Colòmbia,Bogotà,5,4,1992,Home,1060.5,Sí,Grup A,Daniel Castro Torres,No,1992-04-05,34,0.05
52720140A,Daniel,Rojas Torres,Colòmbia,Bogotà,20,8,1985,Home,1529.85,Sí,Grup A,Daniel Rojas Torres,No,1985-08-20,40,0.05
39270256A,Santiago,Rojas,Colòmbia,Bogotà,5,4,1987,Home,870.45,No,Grup A,Santiago Rojas,No,1987-04-05,39,0.05
79942683D,Valentina,Torres Torres,Colòmbia,Medellín,24,7,1951,,1314.6,No,Grup A,Valentina Torres Torres,No,1951-07-24,74,0.05
34050427S,Daniela,Castro Castro,Colòmbia,Medellín,25,12,1980,Dona,1225.35,No,Grup A,Daniela Castro Castro,No,1980-12-25,45,0.05
31682831V,Daniela,Torres,Colòmbia,Medellín,17,5,1970,Dona,1117.2,Sí,Grup A,Daniela Torres,No,1970-05-17,56,0.05
26819385K,Sara,Torres Castro,Colòmbia,Medellín,8,8,1987,Dona,1097.25,No,Grup A,Sara Torres Castro,No,1987-08-08,38,0.05
15387541Y,Andrés,Castro,Colòmbia,Medellín,8,3,2000,Altres,1045.8,No,Grup A,Andrés Castro,No,2000-03-08,26,0.05
87427498D,Laura,Rojas,Colòmbia,Medellín,9,5,1969,Dona,1037.4,No,Grup A,Laura Rojas,No,1969-05-09,57,0.05
54313717Q,Laura,Castro,Colòmbia,Medellín,19,6,1958,Dona,1558.2,No,Grup A,Laura Castro,No,1958-06-19,67,0.05
16349607A,Daniel,Rojas Castro,Colòmbia,Medellín,7,10,1952,Home,838.95,Sí,Grup A,Daniel Rojas Castro,No,1952-10-07,73,0.05
49287703B,Daniel,Castro,Colòmbia,Medellín,13,10,1956,Home,1267.35,Sí,Grup A,Daniel Castro,No,1956-10-13,69,0.05
18783620K,Andrés,Torres,Colòmbia,Medellín,13,1,1967,Home,1645.35,No,Grup A,Andrés Torres,No,1967-01-13,59,0.05
52982989C,Valentina,Castro Rojas,Colòmbia,Medellín,8,12,1986,Dona,857.85,Sí,Grup A,Valentina Castro Rojas,No,1986-12-08,39,0.05
67234434Y,Valentina,Torres,Colòmbia,Medellín,12,7,1981,Dona,901.95,Sí,Grup A,Valentina Torres,No,1981-07-12,44,0.05
49560214X,Felipe,Gutiérrez,Colòmbia,Medellín,13,11,1989,Home,1338.75,No,Grup A,Felipe Gutiérrez,No,1989-11-13,36,0.05
93060003K,Felipe,Gutiérrez,Colòmbia,Medellín,17,9,1953,Home,1199.1,Sí,Grup A,Felipe Gutiérrez,No,1953-09-17,72,0.05
27724652S,Clara,Sánchez Martínez,Espanya,Barcelona,18,3,1996,Dona,1315.65,Sí,Grup A,Clara Sánchez Martínez,Si,1996-03-18,30,0.05
69630528M,Toni,Sánchez García,Espanya,Barcelona,9,8,1999,Home,1095.15,No,Grup A,Toni Sánchez García,Si,1999-08-09,26,0.05
14219925Z,Toni,Martínez,Espanya,Barcelona,16,5,1964,Home,935.55,No,Grup A,Toni Martínez,Si,1964-05-16,62,0.05
40695825B,Oriol,Sánchez,Espanya,Barcelona,27,7,1965,Home,1312.5,No,Grup A,Oriol Sánchez,Si,1965-07-27,60,0.05
13107162J,Núria,Castells,Espanya,Barcelona,2,7,2005,Dona,1411.2,Sí,Grup A,Núria Castells,Si,2005-07-02,20,0.05
89977538X,Oriol,López Martínez,Espanya,Barcelona,25,6,1952,Home,1069.95,Sí,Grup A,Oriol López Martínez,Si,1952-06-25,73,0.05
67466708W,Jordi,Romero,Espanya,Barcelona,27,8,1968,Home,848.4,No,Grup A,Jordi Romero,Si,1968-08-27,57,0.05
42754306Q,Toni,López Sánchez,Espanya,Barcelona,25,2,1975,Home,1039.5,No,Grup A,Toni López Sánchez,Si,1975-02-25,51,0.05
17393705Z,Joan,Castells,Espanya,Barcelona,10,12,1975,Home,1750.35,Sí,Grup A,Joan Castells,Si,1975-12-10,50,0.05
14944003P,Arnau,Sánchez López,Espanya,Barcelona,28,6,1960,Home,1171.8,No,Grup A,Arnau Sánchez López,Si,1960-06-28,65,0.05
80981912X,Eva,Martínez,Espanya,Barcelona,11,9,1974,Dona,822.15,No,Grup A,Eva Martínez,Si,1974-09-11,51,0.05
76740096F,Joan,Romero Romero,Espanya,Barcelona,21,2,1999,Home,1620.15,Sí,Grup A,Joan Romero Romero,Si,1999-02-21,27,0.05
42373200J,Anna,Sánchez,Espanya,Barcelona,17,7,1984,Altres,1509.9,Sí,Grup A,Anna Sánchez,Si,1984-07-17,41,0.05
25463106V,Núria,Ferrer,Espanya,Barcelona,18,4,1957,,1465.8,Sí,Grup A,Núria Ferrer,Si,1957-04-18,69,0.05
89652804F,Marc,Ferrer Castells,Espanya,Barcelona,25,8,2002,Home,1755.6,No,Grup A,Marc Ferrer Castells,Si,2002-08-25,23,0.05
85696755S,Marc,García,Espanya,Barcelona,23,7,1998,Home,1408.05,Sí,Grup A,Marc García,Si,1998-07-23,27,0.05
63688361W,Joan,García,Espanya,Barcelona,24,12,1957,Home,1635.9,Sí,Grup A,Joan García,Si,1957-12-24,68,0.05
97566754L,Marc,Martínez Martínez,Espanya,Barcelona,6,4,2001,,1160.25,Sí,Grup A,Marc Martínez Martínez,Si,2001-04-06,25,0.05
27007812G,Toni,Romero,Espanya,Barcelona,9,12,1989,Home,1741.95,Sí,Grup A,Toni Romero,Si,1989-12-09,36,0.05
85011730B,Oriol,García Castells,Espanya,Barcelona,18,6,1955,Home,1272.6,No,Grup A,Oriol García Castells,Si,1955-06-18,70,0.05
65912422Z,Carla,López,Espanya,Barcelona,18,7,1965,Dona,1216.95,Sí,Grup A,Carla López,Si,1965-07-18,60,0.05
50776135C,Laia,Ferrer,Espanya,Barcelona,23,11,1972,Dona,987.0,No,Grup A,Laia Ferrer,Si,1972-11-23,53,0.05
20477181R,Anna,Castells García,Espanya,Barcelona,22,10,1952,Dona,732.9,No,Grup A,Anna Castells García,Si,1952-10-22,73,0.05
96251362T,Oriol,Ferrer Martínez,Espanya,Barcelona,26,7,1950,Home,1001.7,No,Grup A,Oriol Ferrer Martínez,Si,1950-07-26,75,0.05
21898585T,Jordi,Sánchez,Espanya,Barcelona,18,6,1981,Home,840.0,Sí,Grup A,Jordi Sánchez,Si,1981-06-18,44,0.05
93647831W,Jordi,Sánchez Martínez,Espanya,Barcelona,6,11,1998,Home,1149.75,No,Grup A,Jordi Sánchez Martínez,Si,1998-11-06,27,0.05
58136944R,Marta,Ferrer,Espanya,Barcelona,28,6,2001,Dona,1368.15,Sí,Grup A,Marta Ferrer,Si,2001-06-28,24,0.05
69900538Q,Núria,López Romero,Espanya,Barcelona,17,9,1957,Dona,1099.35,No,Grup A,Núria López Romero,Si,1957-09-17,68,0.05
97525504X,Laia,Martínez,Espanya,Barcelona,22,1,1951,Dona,1247.4,Sí,Grup A,Laia Martínez,Si,1951-01-22,75,0.05
34349532Y,Marc,Ferrer Sánchez,Espanya,Barcelona,15,7,1977,Home,1757.7,No,Grup A,Marc Ferrer Sánchez,Si,1977-07-15,48,0.05
52037173E,Núria,García Martínez,Espanya,Barcelona,26,5,2005,Dona,1386.0,Sí,Grup A,Núria García Martínez,Si,2005-05-26,20,0.05
37325572G,Carla,López López,Espanya,Barcelona,7,3,1956,Dona,852.6,Sí,Grup A,Carla López López,Si,1956-03-07,70,0.05
21309247F,Oriol,García Ferrer,Espanya,Barcelona,9,12,2003,Home,1683.15,Sí,Grup A,Oriol García Ferrer,Si,2003-12-09,22,0.05
71124235C,Carla,Ferrer,Espanya,Barcelona,27,10,1987,Dona,877.8,No,Grup A,Carla Ferrer,Si,1987-10-27,38,0.05
42839231P,Arnau,López Martínez,Espanya,Barcelona,15,11,1972,Home,1666.35,No,Grup A,Arnau López Martínez,Si,1972-11-15,53,0.05
21786454M,Laia,Martínez,Espanya,Barcelona,11,2,1951,Dona,1371.3,No,Grup A,Laia Martínez,Si,1951-02-11,75,0.05
63679621R,Laia,Martínez Romero,Espanya,Barcelona,5,9,1958,Dona,1097.25,No,Grup A,Laia Martínez Romero,Si,1958-09-05,67,0.05
80030295H,Carla,Romero López,Espanya,Barcelona,23,5,2002,Dona,814.8,Sí,Grup A,Carla Romero López,Si,2002-05-23,24,0.05
37774950Y,Carla,García,Espanya,Barcelona,25,10,1952,Dona,997.5,No,Grup A,Carla García,Si,1952-10-25,73,0.05
16112726L,Clara,Castells Romero,Espanya,Barcelona,4,1,1999,Dona,1461.6,Sí,Grup A,Clara Castells Romero,Si,1999-01-04,27,0.05
66520712S,Pau,Castells,Espanya,Barcelona,1,7,1972,Home,1056.3,No,Grup A,Pau Castells,Si,1972-07-01,53,0.05
57892591M,Anna,Castells,Espanya,Barcelona,2,1,1951,Dona,964.95,No,Grup A,Anna Castells,Si,1951-01-02,75,0.05
45074340P,Núria,Ferrer,Espanya,Barcelona,27,10,1977,Dona,1179.15,No,Grup A,Núria Ferrer,Si,1977-10-27,48,0.05
63645871Q,Toni,López,Espanya,Barcelona,27,9,1979,,904.05,No,Grup A,Toni López,Si,1979-09-27,46,0.05
15228560C,Jordi,Castells,Espanya,Barcelona,19,7,1978,Home,1618.05,No,Grup A,Jordi Castells,Si,1978-07-19,47,0.05
82418527A,Jordi,Ferrer,Espanya,Barcelona,28,6,2002,Home,1009.05,No,Grup A,Jordi Ferrer,Si,2002-06-28,23,0.05
18479670K,Pau,Castells,Espanya,Barcelona,14,9,1991,Home,1642.2,No,Grup A,Pau Castells,Si,1991-09-14,34,0.05
24238964E,Joan,Martínez Castells,Espanya,Barcelona,22,7,1987,Home,1223.25,No,Grup A,Joan Martínez Castells,Si,1987-07-22,38,0.05
46145725B,Toni,Ferrer,Espanya,Barcelona,24,8,1972,Home,1750.35,Sí,Grup A,Toni Ferrer,Si,1972-08-24,53,0.05
97294667E,Jordi,García,Espanya,Barcelona,3,1,1975,Home,1014.3,Sí,Grup A,Jordi García,Si,1975-01-03,51,0.05
99611153A,Arnau,Sánchez,Espanya,Barcelona,16,12,1998,Home,1506.75,No,Grup A,Arnau Sánchez,Si,1998-12-16,27,0.05
85693556P,Joan,Romero Martínez,Espanya,Barcelona,2,11,1973,Home,1623.3,Sí,Grup A,Joan Romero Martínez,Si,1973-11-02,52,0.05
27368854D,Marta,Castells López,Espanya,Barcelona,9,6,1985,Dona,1509.9,No,Grup A,Marta Castells López,Si,1985-06-09,40,0.05
58740246B,Pau,Ferrer Martínez,Espanya,Barcelona,24,12,1964,Home,895.65,No,Grup A,Pau Ferrer Martínez,Si,1964-12-24,61,0.05
68722397X,Laia,Romero Martínez,Espanya,Barcelona,28,5,1964,Dona,1065.75,No,Grup A,Laia Romero Martínez,Si,1964-05-28,62,0.05
41718924T,Marc,Martínez Castells,Espanya,Barcelona,13,5,1979,,1546.65,No,Grup A,Marc Martínez Castells,Si,1979-05-13,47,0.05
84904881L,Pau,Castells Martínez,Espanya,Barcelona,3,1,1985,Home,1304.1,No,Grup A,Pau Castells Martínez,Si,1985-01-03,41,0.05
67985873N,Anna,Castells Ferrer,Espanya,Barcelona,8,1,1983,Dona,1568.7,Sí,Grup A,Anna Castells Ferrer,Si,1983-01-08,43,0.05
33177087Z,Toni,Romero,Espanya,Barcelona,7,5,1990,Home,1156.05,No,Grup A,Toni Romero,Si,1990-05-07,36,0.05
32610074J,Joan,López,Espanya,Barcelona,22,10,1964,Home,1704.15,No,Grup A,Joan López,Si,1964-10-22,61,0.05
68747775D,Eva,Castells Romero,Espanya,Barcelona,13,2,1980,Altres,977.55,No,Grup A,Eva Castells Romero,Si,1980-02-13,46,0.05
37528225W,Clara,Castells,Espanya,Barcelona,17,7,1953,Dona,816.9,No,Grup A,Clara Castells,Si,1953-07-17,72,0.05
13814869T,Joan,Romero Romero,Espanya,Barcelona,3,11,1995,Home,1163.4,Sí,Grup A,Joan Romero Romero,Si,1995-11-03,30,0.05
60189754G,Clara,Sánchez,Espanya,Barcelona,3,10,1985,Dona,1502.55,No,Grup A,Clara Sánchez,Si,1985-10-03,40,0.05
28369496M,Núria,López,Espanya,Barcelona,28,5,1961,Dona,836.85,Sí,Grup A,Núria López,Si,1961-05-28,65,0.05
64708400Q,Eva,García,Espanya,Barcelona,27,10,1960,Dona,760.2,Sí,Grup A,Eva García,Si,1960-10-27,65,0.05
26880397A,Carla,Castells Castells,Espanya,Barcelona,27,3,1977,Dona,1500.45,No,Grup A,Carla Castells Castells,Si,1977-03-27,49,0.05
28370355T,Marta,Romero,Espanya,Barcelona,8,4,1957,Dona,724.5,No,Grup A,Marta Romero,Si,1957-04-08,69,0.05
64200072V,Toni,Martínez Castells,Espanya,Barcelona,23,10,1957,Home,1445.85,No,Grup A,Toni Martínez Castells,Si,1957-10-23,68,0.05
38241293F,Carla,Martínez Castells,Espanya,Barcelona,21,10,1980,Dona,792.75,No,Grup A,Carla Martínez Castells,Si,1980-10-21,45,0.05
20692229R,Oriol,López Romero,Espanya,Barcelona,22,5,1983,Home,1191.75,Sí,Grup A,Oriol López Romero,Si,1983-05-22,43,0.05
21277706W,Carla,Ferrer,Espanya,Barcelona,13,12,1969,Dona,956.55,No,Grup A,Carla Ferrer,Si,1969-12-13,56,0.05
15566633F,Laia,Sánchez Martínez,Espanya,Barcelona,10,2,1971,Dona,1498.35,No,Grup A,Laia Sánchez Martínez,Si,1971-02-10,55,0.05
90914480C,Oriol,Castells,Espanya,Barcelona,3,12,1987,Home,1745.1,No,Grup A,Oriol Castells,Si,1987-12-03,38,0.05
39104359X,Jordi,Romero García,Espanya,Barcelona,17,2,1972,Home,1190.7,No,Grup A,Jordi Romero García,Si,1972-02-17,54,0.05
12091945C,Oriol,Sánchez,Espanya,Barcelona,5,2,1986,Home,784.35,No,Grup A,Oriol Sánchez,Si,1986-02-05,40,0.05
89759837X,Laia,Romero,Espanya,Barcelona,17,9,1966,Dona,999.6,Sí,Grup A,Laia Romero,Si,1966-09-17,59,0.05
67475809B,Jordi,Romero,Espanya,Barcelona,6,9,1952,Home,1756.65,Sí,Grup A,Jordi Romero,Si,1952-09-06,73,0.05
21511240Y,Oriol,García Castells,Espanya,Barcelona,8,5,1987,Home,962.85,No,Grup A,Oriol García Castells,Si,1987-05-08,39,0.05
25874228C,Laia,López,Espanya,Barcelona,8,3,1970,Dona,1380.75,No,Grup A,Laia López,Si,1970-03-08,56,0.05
69760120X,Laia,Ferrer Martínez,Espanya,Barcelona,11,11,1980,Dona,716.1,No,Grup A,Laia Ferrer Martínez,Si,1980-11-11,45,0.05
48870261R,Jordi,Sánchez,Espanya,Bilbao,16,8,1962,Home,779.1,No,Grup A,Jordi Sánchez,Si,1962-08-16,63,0.05
17856143W,Anna,Martínez Martínez,Espanya,Bilbao,26,9,1972,Dona,819.0,No,Grup A,Anna Martínez Martínez,Si,1972-09-26,53,0.05
71226479A,Toni,Sánchez García,Espanya,Bilbao,28,2,2000,Home,1450.05,No,Grup A,Toni Sánchez García,Si,2000-02-28,26,0.05
98082914F,Anna,Ferrer Sánchez,Espanya,Bilbao,21,10,1982,Dona,1389.15,No,Grup A,Anna Ferrer Sánchez,Si,1982-10-21,43,0.05
64134967K,Clara,Sánchez,Espanya,Bilbao,1,10,1965,Dona,857.85,Sí,Grup A,Clara Sánchez,Si,1965-10-01,60,0.05
31039740J,Anna,Castells,Espanya,Bilbao,20,3,1987,Dona,1450.05,No,Grup A,Anna Castells,Si,1987-03-20,39,0.05
69934163X,Laia,Martínez Ferrer,Espanya,Bilbao,19,10,1956,Dona,1030.05,Sí,Grup A,Laia Martínez Ferrer,Si,1956-10-19,69,0.05
48108194K,Marta,Sánchez,Espanya,Bilbao,1,9,1972,Dona,1211.7,No,Grup A,Marta Sánchez,Si,1972-09-01,53,0.05
35072309W,Pau,Ferrer,Espanya,Bilbao,6,8,1964,Home,1213.8,No,Grup A,Pau Ferrer,Si,1964-08-06,61,0.05
68948799D,Clara,Castells García,Espanya,Bilbao,11,1,1964,Dona,1155.0,Sí,Grup A,Clara Castells García,Si,1964-01-11,62,0.05
10674532Q,Jordi,Castells Ferrer,Espanya,Bilbao,23,2,1979,Home,1279.95,No,Grup A,Jordi Castells Ferrer,Si,1979-02-23,47,0.05
52195959W,Carla,Castells García,Espanya,Bilbao,7,1,1994,Dona,1358.7,No,Grup A,Carla Castells García,Si,1994-01-07,32,0.05
24418722F,Marta,Romero Sánchez,Espanya,Bilbao,19,7,1968,Dona,1087.8,No,Grup A,Marta Romero Sánchez,Si,1968-07-19,57,0.05
76674953J,Jordi,Sánchez,Espanya,Bilbao,5,3,1952,Home,1311.45,No,Grup A,Jordi Sánchez,Si,1952-03-05,74,0.05
98052221N,Marta,Martínez,Espanya,Bilbao,22,6,1973,Dona,858.9,No,Grup A,Marta Martínez,Si,1973-06-22,52,0.05
58101481N,Jordi,Sánchez,Espanya,Bilbao,20,4,1993,Home,1353.45,No,Grup A,Jordi Sánchez,Si,1993-04-20,33,0.05
74165595P,Jordi,Castells,Espanya,Bilbao,1,6,1953,Home,1392.3,Sí,Grup A,Jordi Castells,Si,1953-06-01,73,0.05
43099073D,Marc,Martínez Martínez,Espanya,Bilbao,4,1,2001,Home,1751.4,Sí,Grup A,Marc Martínez Martínez,Si,2001-01-04,25,0.05
60957935K,Eva,López,Espanya,Bilbao,26,12,1964,Dona,1274.7,No,Grup A,Eva López,Si,1964-12-26,61,0.05
38593878Z,Jordi,García,Espanya,Bilbao,11,1,1950,Home,1043.7,No,Grup A,Jordi García,Si,1950-01-11,76,0.05
19404501Z,Arnau,Ferrer Sánchez,Espanya,Bilbao,6,11,1969,Home,1398.6,Sí,Grup A,Arnau Ferrer Sánchez,Si,1969-11-06,56,0.05
37416719D,Anna,López,Espanya,Bilbao,17,6,1995,Dona,1396.5,Sí,Grup A,Anna López,Si,1995-06-17,30,0.05
88308185F,Jordi,Romero García,Espanya,Bilbao,19,12,1984,Home,1611.75,Sí,Grup A,Jordi Romero García,Si,1984-12-19,41,0.05
70113350T,Pau,Castells,Espanya,Bilbao,17,4,1952,,1172.85,No,Grup A,Pau Castells,Si,1952-04-17,74,0.05
12689894Z,Marta,López,Espanya,Bilbao,24,7,1967,Dona,1492.05,No,Grup A,Marta López,Si,1967-07-24,58,0.05
71304182R,Núria,Ferrer,Espanya,Bilbao,17,3,1979,Dona,1279.95,Sí,Grup A,Núria Ferrer,Si,1979-03-17,47,0.05
75340954W,Joan,Ferrer,Espanya,Bilbao,21,5,1981,,1478.4,No,Grup A,Joan Ferrer,Si,1981-05-21,45,0.05
97210518F,Clara,Sánchez Romero,Espanya,Bilbao,16,3,2004,Dona,1075.2,No,Grup A,Clara Sánchez Romero,Si,2004-03-16,22,0.05
76436789V,Eva,Romero,Espanya,Bilbao,18,7,1967,Dona,1388.1,No,Grup A,Eva Romero,Si,1967-07-18,58,0.05
21820075A,Arnau,Sánchez,Espanya,Bilbao,23,1,1978,Home,1162.35,No,Grup A,Arnau Sánchez,Si,1978-01-23,48,0.05
64697693K,Núria,Martínez Martínez,Espanya,Bilbao,20,8,2002,Dona,1056.3,No,Grup A,Núria Martínez Martínez,Si,2002-08-20,23,0.05
43507453W,Anna,Ferrer Martínez,Espanya,Bilbao,15,10,1981,Dona,892.5,Sí,Grup A,Anna Ferrer Martínez,Si,1981-10-15,44,0.05
75293326J,Joan,García,Espanya,Bilbao,23,6,1960,Home,867.3,No,Grup A,Joan García,Si,1960-06-23,65,0.05
72988314H,Marc,Sánchez,Espanya,Bilbao,3,6,1996,Home,1200.15,Sí,Grup A,Marc Sánchez,Si,1996-06-03,29,0.05
51701516Z,Jordi,Ferrer,Espanya,Bilbao,22,5,1960,Home,1391.25,No,Grup A,Jordi Ferrer,Si,1960-05-22,66,0.05
14270387K,Eva,Castells Romero,Espanya,Bilbao,25,6,1974,Dona,1382.85,No,Grup A,Eva Castells Romero,Si,1974-06-25,51,0.05
58780487Q,Arnau,Martínez Romero,Espanya,Bilbao,26,8,1997,Home,1501.5,No,Grup A,Arnau Martínez Romero,Si,1997-08-26,28,0.05
53837158P,Toni,Ferrer,Espanya,Bilbao,7,4,1996,Altres,1332.45,No,Grup A,Toni Ferrer,Si,1996-04-07,30,0.05
46674072A,Laia,Castells Castells,Espanya,Bilbao,3,12,1968,,1396.5,Sí,Grup A,Laia Castells Castells,Si,1968-12-03,57,0.05
84944664N,Oriol,Romero,Espanya,Bilbao,28,3,1959,,958.65,Sí,Grup A,Oriol Romero,Si,1959-03-28,67,0.05
14579601F,Arnau,Martínez,Espanya,Bilbao,13,8,1964,Home,1387.05,No,Grup A,Arnau Martínez,Si,1964-08-13,61,0.05
64443494X,Marc,García Romero,Espanya,Bilbao,25,1,2004,Home,1140.3,No,Grup A,Marc García Romero,Si,2004-01-25,22,0.05
54172956P,Anna,Ferrer Castells,Espanya,Bilbao,1,9,1953,Dona,1220.1,No,Grup A,Anna Ferrer Castells,Si,1953-09-01,72,0.05
68548102E,Laia,López López,Espanya,Bilbao,3,5,1997,Dona,1109.85,Sí,Grup A,Laia López López,Si,1997-05-03,29,0.05
89826839F,Marta,Castells López,Espanya,Bilbao,10,1,1964,Dona,1224.3,Sí,Grup A,Marta Castells López,Si,1964-01-10,62,0.05
79003381D,Eva,García,Espanya,Bilbao,17,3,1997,Dona,1085.7,No,Grup A,Eva García,Si,1997-03-17,29,0.05
76741258Y,Carla,Castells Ferrer,Espanya,Bilbao,20,7,1952,Dona,1397.55,No,Grup A,Carla Castells Ferrer,Si,1952-07-20,73,0.05
21163199Y,Joan,Sánchez,Espanya,Bilbao,18,3,1982,Home,1713.6,No,Grup A,Joan Sánchez,Si,1982-03-18,44,0.05
53176287C,Jordi,Castells,Espanya,Bilbao,6,2,1963,Home,1371.3,Sí,Grup A,Jordi Castells,Si,1963-02-06,63,0.05
80044333C,Núria,Martínez,Espanya,Bilbao,10,3,1971,Dona,1037.4,No,Grup A,Núria Martínez,Si,1971-03-10,55,0.05
77158777S,Núria,García,Espanya,Bilbao,15,6,2001,Dona,732.9,Sí,Grup A,Núria García,Si,2001-06-15,24,0.05
66460797A,Marc,López García,Espanya,Bilbao,10,9,2005,Home,1333.5,No,Grup A,Marc López García,Si,2005-09-10,20,0.05
82204716Y,Pau,López Ferrer,Espanya,Bilbao,13,4,1960,Home,1185.45,Sí,Grup A,Pau López Ferrer,Si,1960-04-13,66,0.05
71312672X,Jordi,López Romero,Espanya,Bilbao,17,12,1978,Home,1066.8,No,Grup A,Jordi López Romero,Si,1978-12-17,47,0.05
43437575V,Clara,Romero,Espanya,Bilbao,5,12,2004,Dona,1582.35,No,Grup A,Clara Romero,Si,2004-12-05,21,0.05
86899840T,Eva,García,Espanya,Bilbao,13,9,1978,Dona,1172.85,No,Grup A,Eva García,Si,1978-09-13,47,0.05
98430241N,Toni,López,Espanya,Bilbao,3,6,1956,Home,899.85,No,Grup A,Toni López,Si,1956-06-03,70,0.05
75634877M,Marc,Castells Castells,Espanya,Bilbao,18,12,1955,Home,1396.5,Sí,Grup A,Marc Castells Castells,Si,1955-12-18,70,0.05
58558026P,Toni,Romero Martínez,Espanya,Bilbao,15,9,1980,Home,1282.05,No,Grup A,Toni Romero Martínez,Si,1980-09-15,45,0.05
80867475E,Arnau,Martínez,Espanya,Bilbao,9,10,1996,Home,1230.6,Sí,Grup A,Arnau Martínez,Si,1996-10-09,29,0.05
89253307W,Clara,Sánchez López,Espanya,Bilbao,1,8,1952,Dona,1277.85,No,Grup A,Clara Sánchez López,Si,1952-08-01,73,0.05
43855905B,Eva,Castells,Espanya,Madrid,1,12,1965,Dona,922.95,No,Grup A,Eva Castells,Si,1965-12-01,60,0.05
58027402M,Joan,López,Espanya,Madrid,5,3,1957,Home,1015.35,No,Grup A,Joan López,Si,1957-03-05,69,0.05
29075001G,Eva,Ferrer,Espanya,Madrid,27,1,1974,Dona,1051.05,No,Grup A,Eva Ferrer,Si,1974-01-27,52,0.05
86310227T,Núria,Martínez,Espanya,Madrid,19,3,1986,Dona,1475.25,No,Grup A,Núria Martínez,Si,1986-03-19,40,0.05
42278299Y,Toni,Ferrer,Espanya,Madrid,19,8,1967,Home,1641.15,No,Grup A,Toni Ferrer,Si,1967-08-19,58,0.05
18522481J,Oriol,Martínez,Espanya,Madrid,18,1,1994,Home,1580.25,No,Grup A,Oriol Martínez,Si,1994-01-18,32,0.05
96178808S,Pau,Romero Castells,Espanya,Madrid,14,7,1996,Home,1629.6,Sí,Grup A,Pau Romero Castells,Si,1996-07-14,29,0.05
30574341W,Oriol,García,Espanya,Madrid,8,3,1954,Altres,1640.1,No,Grup A,Oriol García,Si,1954-03-08,72,0.05
53967981Q,Pau,Sánchez,Espanya,Madrid,1,12,1982,Altres,896.7,No,Grup A,Pau Sánchez,Si,1982-12-01,43,0.05
13695774G,Eva,Castells,Espanya,Madrid,20,11,1957,Dona,1445.85,No,Grup A,Eva Castells,Si,1957-11-20,68,0.05
15812105B,Marc,Martínez Ferrer,Espanya,Madrid,14,7,1971,Altres,1258.95,No,Grup A,Marc Martínez Ferrer,Si,1971-07-14,54,0.05
68523497H,Marta,Ferrer,Espanya,Madrid,6,10,1986,Dona,1344.0,No,Grup A,Marta Ferrer,Si,1986-10-06,39,0.05
58786173A,Laia,Martínez,Espanya,Madrid,26,2,1979,Dona,1371.3,No,Grup A,Laia Martínez,Si,1979-02-26,47,0.05
60439277L,Marc,Castells Sánchez,Espanya,Madrid,24,10,1974,Home,884.1,No,Grup A,Marc Castells Sánchez,Si,1974-10-24,51,0.05
16775772V,Pau,López,Espanya,Madrid,24,5,1977,Home,889.35,No,Grup A,Pau López,Si,1977-05-24,49,0.05
56628392X,Carla,García Martínez,Espanya,Madrid,19,4,1981,Dona,1565.55,Sí,Grup A,Carla García Martínez,Si,1981-04-19,45,0.05
77632270Q,Laia,Castells,Espanya,Madrid,11,4,1986,Dona,962.85,No,Grup A,Laia Castells,Si,1986-04-11,40,0.05
49833520M,Marta,García Romero,Espanya,Madrid,27,10,1984,Dona,1001.7,No,Grup A,Marta García Romero,Si,1984-10-27,41,0.05
12401771G,Anna,García,Espanya,Madrid,19,7,1972,,1069.95,No,Grup A,Anna García,Si,1972-07-19,53,0.05
29758839B,Eva,García Sánchez,Espanya,Madrid,28,5,1968,Dona,995.4,No,Grup A,Eva García Sánchez,Si,1968-05-28,58,0.05
59810160K,Jordi,Romero Ferrer,Espanya,Madrid,15,4,2002,Home,1353.45,No,Grup A,Jordi Romero Ferrer,Si,2002-04-15,24,0.05
10102138Q,Núria,Sánchez Martínez,Espanya,Madrid,4,1,1958,Dona,1522.5,No,Grup A,Núria Sánchez Martínez,Si,1958-01-04,68,0.05
12700084Q,Pau,Ferrer López,Espanya,Madrid,16,2,1966,,1242.15,Sí,Grup A,Pau Ferrer López,Si,1966-02-16,60,0.05
62868203H,Marta,López,Espanya,Madrid,26,8,1988,Dona,1405.95,Sí,Grup A,Marta López,Si,1988-08-26,37,0.05
25373007Z,Eva,García,Espanya,Madrid,10,3,1971,,1289.4,Sí,Grup A,Eva García,Si,1971-03-10,55,0.05
90904549G,Marc,López Martínez,Espanya,Madrid,18,11,2004,Home,1338.75,Sí,Grup A,Marc López Martínez,Si,2004-11-18,21,0.05
48610709N,Toni,García García,Espanya,Madrid,9,6,1958,Home,1470.0,Sí,Grup A,Toni García García,Si,1958-06-09,67,0.05
38394682L,Clara,Sánchez Ferrer,Espanya,Madrid,21,4,1963,Dona,1390.2,Sí,Grup A,Clara Sánchez Ferrer,Si,1963-04-21,63,0.05
30011388C,Jordi,Sánchez Ferrer,Espanya,Madrid,2,4,1977,Home,1064.7,No,Grup A,Jordi Sánchez Ferrer,Si,1977-04-02,49,0.05
53118513Z,Carla,Martínez Sánchez,Espanya,Madrid,6,2,2004,Dona,723.45,Sí,Grup A,Carla Martínez Sánchez,Si,2004-02-06,22,0.05
77786231R,Marc,García López,Espanya,Madrid,11,8,1963,Home,1075.2,No,Grup A,Marc García López,Si,1963-08-11,62,0.05
19835344L,Anna,Ferrer,Espanya,Madrid,8,5,1966,Dona,805.35,No,Grup A,Anna Ferrer,Si,1966-05-08,60,0.05
17266104D,Oriol,Ferrer,Espanya,Madrid,9,7,1985,Altres,762.3,No,Grup A,Oriol Ferrer,Si,1985-07-09,40,0.05
91690612P,Clara,Castells,Espanya,Madrid,15,3,1981,Dona,1594.95,Sí,Grup A,Clara Castells,Si,1981-03-15,45,0.05
12767161T,Toni,Castells Castells,Espanya,Madrid,20,3,1950,Home,1609.65,No,Grup A,Toni Castells Castells,Si,1950-03-20,76,0.05
87906075W,Arnau,Sánchez Martínez,Espanya,Madrid,12,11,2003,Home,804.3,No,Grup A,Arnau Sánchez Martínez,Si,2003-11-12,22,0.05
87631058F,Joan,Ferrer Castells,Espanya,Madrid,25,10,1967,Home,1311.45,Sí,Grup A,Joan Ferrer Castells,Si,1967-10-25,58,0.05
16378767Z,Marc,Ferrer Romero,Espanya,Madrid,9,10,1973,Home,1135.05,No,Grup A,Marc Ferrer Romero,Si,1973-10-09,52,0.05
28210536A,Anna,Sánchez López,Espanya,Madrid,4,8,1997,Altres,1256.85,No,Grup A,Anna Sánchez López,Si,1997-08-04,28,0.05
66842033A,Núria,Romero Romero,Espanya,Madrid,3,3,1962,Dona,938.7,No,Grup A,Núria Romero Romero,Si,1962-03-03,64,0.05
44569678M,Laia,Castells,Espanya,Madrid,9,8,1977,Dona,1030.05,No,Grup A,Laia Castells,Si,1977-08-09,48,0.05
71377022P,Pau,López,Espanya,Madrid,28,12,1971,Home,833.7,Sí,Grup A,Pau López,Si,1971-12-28,54,0.05
69931972C,Toni,Martínez López,Espanya,Madrid,4,12,1983,Home,1687.35,Sí,Grup A,Toni Martínez López,Si,1983-12-04,42,0.05
86555403J,Marc,García,Espanya,Madrid,14,7,1977,Home,1678.95,No,Grup A,Marc García,Si,1977-07-14,48,0.05
37757421G,Núria,Martínez Sánchez,Espanya,Madrid,23,5,1967,Dona,959.7,Sí,Grup A,Núria Martínez Sánchez,Si,1967-05-23,59,0.05
14219190G,Carla,Ferrer García,Espanya,Madrid,19,12,1960,Dona,1475.25,Sí,Grup A,Carla Ferrer García,Si,1960-12-19,65,0.05
14778034E,Eva,Romero,Espanya,Madrid,21,1,1972,Dona,1073.1,Sí,Grup A,Eva Romero,Si,1972-01-21,54,0.05
92136991X,Laia,Ferrer,Espanya,Madrid,18,8,1973,Dona,1137.15,Sí,Grup A,Laia Ferrer,Si,1973-08-18,52,0.05
77617404G,Joan,Martínez Romero,Espanya,Madrid,19,6,1972,Home,1185.45,Sí,Grup A,Joan Martínez Romero,Si,1972-06-19,53,0.05
54035649P,Eva,Martínez Martínez,Espanya,Madrid,16,9,2003,Dona,1355.55,No,Grup A,Eva Martínez Martínez,Si,2003-09-16,22,0.05
27743987C,Joan,García Ferrer,Espanya,Madrid,1,6,1975,Home,840.0,Sí,Grup A,Joan García Ferrer,Si,1975-06-01,51,0.05
60786095W,Marc,García,Espanya,Madrid,8,1,1972,Altres,1630.65,No,Grup A,Marc García,Si,1972-01-08,54,0.05
23397473D,Anna,Romero,Espanya,Madrid,11,3,1990,Dona,1010.1,No,Grup A,Anna Romero,Si,1990-03-11,36,0.05
59876171G,Arnau,Sánchez,Espanya,Madrid,28,10,1973,Home,1024.8,Sí,Grup A,Arnau Sánchez,Si,1973-10-28,52,0.05
19888245C,Pau,Romero,Espanya,Madrid,20,2,1953,Home,1412.25,No,Grup A,Pau Romero,Si,1953-02-20,73,0.05
28421457Z,Pau,Romero Castells,Espanya,Madrid,8,8,1968,Home,1500.45,Sí,Grup A,Pau Romero Castells,Si,1968-08-08,57,0.05
27247467S,Anna,López,Espanya,Madrid,2,1,1952,Dona,1115.1,Sí,Grup A,Anna López,Si,1952-01-02,74,0.05
86893272V,Marc,Ferrer,Espanya,Madrid,27,4,1954,Home,1717.8,Sí,Grup A,Marc Ferrer,Si,1954-04-27,72,0.05
70418524X,Laia,Castells Ferrer,Espanya,Madrid,7,5,1971,Dona,1591.8,Sí,Grup A,Laia Castells Ferrer,Si,1971-05-07,55,0.05
59758346F,Laia,Martínez Romero,Espanya,Madrid,28,12,1957,Altres,764.4,Sí,Grup A,Laia Martínez Romero,Si,1957-12-28,68,0.05
56408493L,Anna,García García,Espanya,Madrid,8,5,2003,Dona,889.35,Sí,Grup A,Anna García García,Si,2003-05-08,23,0.05
40039044H,Núria,Romero,Espanya,Madrid,9,4,1974,Dona,717.15,Sí,Grup A,Núria Romero,Si,1974-04-09,52,0.05
54263997Y,Núria,Romero,Espanya,Madrid,9,3,1956,Dona,1485.75,No,Grup A,Núria Romero,Si,1956-03-09,70,0.05
92018667L,Joan,Martínez Castells,Espanya,Madrid,4,10,1985,Home,1195.95,No,Grup A,Joan Martínez Castells,Si,1985-10-04,40,0.05
58088881Q,Anna,García,Espanya,Madrid,15,3,1960,Dona,1186.5,Sí,Grup A,Anna García,Si,1960-03-15,66,0.05
86366713Z,Carla,Sánchez Romero,Espanya,Madrid,22,1,2005,,936.6,No,Grup A,Carla Sánchez Romero,Si,2005-01-22,21,0.05
83982081H,Eva,Castells,Espanya,Sevilla,3,5,1968,,1309.35,Sí,Grup A,Eva Castells,Si,1968-05-03,58,0.05
95012750D,Carla,García,Espanya,Sevilla,17,5,1952,Dona,1011.15,Sí,Grup A,Carla García,Si,1952-05-17,74,0.05
38605068P,Toni,Martínez,Espanya,Sevilla,24,7,1982,Home,1590.75,Sí,Grup A,Toni Martínez,Si,1982-07-24,43,0.05
10911456V,Marta,López,Espanya,Sevilla,6,6,1954,Dona,1558.2,No,Grup A,Marta López,Si,1954-06-06,72,0.05
94678339J,Anna,Martínez Martínez,Espanya,Sevilla,10,4,1985,Dona,1399.65,No,Grup A,Anna Martínez Martínez,Si,1985-04-10,41,0.05
96108474K,Clara,García,Espanya,Sevilla,10,3,1955,Dona,849.45,No,Grup A,Clara García,Si,1955-03-10,71,0.05
45293682M,Joan,Sánchez,Espanya,Sevilla,5,8,1988,Home,1125.6,Sí,Grup A,Joan Sánchez,Si,1988-08-05,37,0.05
43378401L,Núria,Castells Sánchez,Espanya,Sevilla,26,3,1975,Dona,698.25,No,Grup A,Núria Castells Sánchez,Si,1975-03-26,51,0.05
77333333Q,Pau,Ferrer,Espanya,Sevilla,1,1,1999,Home,1614.9,No,Grup A,Pau Ferrer,Si,1999-01-01,27,0.05
57021851P,Pau,Castells,Espanya,Sevilla,23,3,1978,Home,859.95,No,Grup A,Pau Castells,Si,1978-03-23,48,0.05
65405375Z,Marc,García Romero,Espanya,Sevilla,2,1,1982,Home,1182.3,No,Grup A,Marc García Romero,Si,1982-01-02,44,0.05
55464877X,Laia,Castells,Espanya,Sevilla,6,10,1992,,1544.55,No,Grup A,Laia Castells,Si,1992-10-06,33,0.05
54607036B,Eva,Ferrer,Espanya,Sevilla,24,1,1967,Dona,849.45,No,Grup A,Eva Ferrer,Si,1967-01-24,59,0.05
20733024B,Jordi,Ferrer Martínez,Espanya,Sevilla,26,1,1970,Home,1537.2,Sí,Grup A,Jordi Ferrer Martínez,Si,1970-01-26,56,0.05
14065699S,Núria,Sánchez,Espanya,Sevilla,2,11,1991,Dona,1078.35,No,Grup A,Núria Sánchez,Si,1991-11-02,34,0.05
26724488C,Arnau,Ferrer Sánchez,Espanya,Sevilla,3,5,1994,Home,1132.95,No,Grup A,Arnau Ferrer Sánchez,Si,1994-05-03,32,0.05
59073585L,Oriol,Martínez Martínez,Espanya,Sevilla,14,6,1991,,1178.1,Sí,Grup A,Oriol Martínez Martínez,Si,1991-06-14,34,0.05
18599075T,Eva,Sánchez,Espanya,Sevilla,7,8,1992,Dona,1048.95,Sí,Grup A,Eva Sánchez,Si,1992-08-07,33,0.05
79849410R,Carla,Ferrer López,Espanya,Sevilla,17,7,1982,Dona,856.8,No,Grup A,Carla Ferrer López,Si,1982-07-17,43,0.05
35319597A,Toni,López Castells,Espanya,Sevilla,18,8,1977,Home,810.6,No,Grup A,Toni López Castells,Si,1977-08-18,48,0.05
10261037F,Clara,Sánchez,Espanya,Sevilla,14,10,1970,Dona,984.9,Sí,Grup A,Clara Sánchez,Si,1970-10-14,55,0.05
57192874B,Pau,Romero Romero,Espanya,Sevilla,12,4,1990,Home,987.0,No,Grup A,Pau Romero Romero,Si,1990-04-12,36,0.05
20637004R,Jordi,Romero López,Espanya,Sevilla,13,3,1973,Home,1434.3,No,Grup A,Jordi Romero López,Si,1973-03-13,53,0.05
94719538H,Carla,Romero Ferrer,Espanya,Sevilla,28,5,1991,Dona,766.5,No,Grup A,Carla Romero Ferrer,Si,1991-05-28,35,0.05
57180085D,Marta,López,Espanya,Sevilla,25,8,1971,Dona,1108.8,Sí,Grup A,Marta López,Si,1971-08-25,54,0.05
23492566L,Arnau,Ferrer García,Espanya,Sevilla,17,3,1989,Home,1445.85,No,Grup A,Arnau Ferrer García,Si,1989-03-17,37,0.05
25403469P,Clara,García,Espanya,Sevilla,19,8,1998,Dona,784.35,No,Grup A,Clara García,Si,1998-08-19,27,0.05
13508244R,Oriol,Martínez Martínez,Espanya,Sevilla,21,3,1951,Home,1539.3,No,Grup A,Oriol Martínez Martínez,Si,1951-03-21,75,0.05
85031552D,Laia,Ferrer Martínez,Espanya,Sevilla,23,10,1962,Dona,1478.4,Sí,Grup A,Laia Ferrer Martínez,Si,1962-10-23,63,0.05
17972901L,Carla,Sánchez López,Espanya,Sevilla,11,6,1989,Dona,1135.05,Sí,Grup A,Carla Sánchez López,Si,1989-06-11,36,0.05
92286029R,Núria,López,Espanya,Sevilla,5,5,1977,Dona,1075.2,No,Grup A,Núria López,Si,1977-05-05,49,0.05
93623062E,Pau,López García,Espanya,Sevilla,4,7,1992,Home,1751.4,No,Grup A,Pau López García,Si,1992-07-04,33,0.05
91797004K,Toni,Sánchez Sánchez,Espanya,Sevilla,16,7,1950,Home,1358.7,No,Grup A,Toni Sánchez Sánchez,Si,1950-07-16,75,0.05
20460695D,Laia,Ferrer Romero,Espanya,Sevilla,25,8,1951,Dona,1368.15,Sí,Grup A,Laia Ferrer Romero,Si,1951-08-25,74,0.05
14828163F,Marc,Martínez García,Espanya,Sevilla,12,3,1965,Home,1664.25,No,Grup A,Marc Martínez García,Si,1965-03-12,61,0.05
89595235W,Clara,Romero,Espanya,Sevilla,23,3,1999,Dona,795.9,No,Grup A,Clara Romero,Si,1999-03-23,27,0.05
74074321A,Carla,Ferrer Castells,Espanya,Sevilla,2,8,1957,Dona,1145.55,Sí,Grup A,Carla Ferrer Castells,Si,1957-08-02,68,0.05
48242975Q,Arnau,Sánchez Sánchez,Espanya,Sevilla,5,7,1974,Home,1559.25,No,Grup A,Arnau Sánchez Sánchez,Si,1974-07-05,51,0.05
81901030H,Marc,Castells,Espanya,Sevilla,20,9,1970,Home,1163.4,Sí,Grup A,Marc Castells,Si,1970-09-20,55,0.05
33400905A,Joan,Ferrer,Espanya,Sevilla,19,12,1970,,1062.6,No,Grup A,Joan Ferrer,Si,1970-12-19,55,0.05
73063501Z,Eva,Ferrer,Espanya,Sevilla,4,11,1990,Dona,1433.25,Sí,Grup A,Eva Ferrer,Si,1990-11-04,35,0.05
36106979Y,Pau,Sánchez,Espanya,Sevilla,1,2,1953,Home,1088.85,No,Grup A,Pau Sánchez,Si,1953-02-01,73,0.05
83602803G,Joan,Ferrer,Espanya,Sevilla,2,2,1964,Home,1273.65,No,Grup A,Joan Ferrer,Si,1964-02-02,62,0.05
80909731Y,Jordi,García López,Espanya,Sevilla,6,6,1971,Home,1311.45,Sí,Grup A,Jordi García López,Si,1971-06-06,54,0.05
87865381W,Marta,Martínez,Espanya,Sevilla,17,7,2000,Dona,1256.85,No,Grup A,Marta Martínez,Si,2000-07-17,25,0.05
26414747E,Oriol,Martínez,Espanya,Sevilla,23,12,1991,Home,843.15,Sí,Grup A,Oriol Martínez,Si,1991-12-23,34,0.05
19863880V,Carla,López Romero,Espanya,Sevilla,22,4,1954,Dona,1231.65,Sí,Grup A,Carla López Romero,Si,1954-04-22,72,0.05
30525996L,Marc,López,Espanya,Sevilla,23,1,1965,Home,884.1,Sí,Grup A,Marc López,Si,1965-01-23,61,0.05
45203656T,Laia,Ferrer,Espanya,Sevilla,18,6,1988,Dona,994.35,No,Grup A,Laia Ferrer,Si,1988-06-18,37,0.05
18873517G,Jordi,García Martínez,Espanya,Sevilla,7,2,1974,Home,812.7,Sí,Grup A,Jordi García Martínez,Si,1974-02-07,52,0.05
53730243G,Anna,Ferrer Romero,Espanya,Sevilla,24,1,2005,Dona,753.9,No,Grup A,Anna Ferrer Romero,Si,2005-01-24,21,0.05
66795744Q,Núria,López,Espanya,Sevilla,7,6,1956,Dona,1379.7,No,Grup A,Núria López,Si,1956-06-07,69,0.05
38900939H,Pau,Ferrer,Espanya,Sevilla,23,2,1996,Home,1582.35,Sí,Grup A,Pau Ferrer,Si,1996-02-23,30,0.05
95233500R,Clara,López García,Espanya,Sevilla,18,8,1955,Dona,1037.4,No,Grup A,Clara López García,Si,1955-08-18,70,0.05
90131757Y,Toni,Castells,Espanya,Sevilla,11,5,2004,Home,1420.65,No,Grup A,Toni Castells,Si,2004-05-11,22,0.05
95250887Z,Arnau,García,Espanya,Sevilla,10,9,1966,,1291.5,No,Grup A,Arnau García,Si,1966-09-10,59,0.05
14157308N,Eva,Sánchez,Espanya,Sevilla,28,6,1958,Altres,738.15,No,Grup A,Eva Sánchez,Si,1958-06-28,67,0.05
83294970L,Jordi,López,Espanya,Sevilla,18,2,1998,Home,922.95,No,Grup A,Jordi López,Si,1998-02-18,28,0.05
84414697K,Jordi,García Ferrer,Espanya,Sevilla,21,8,1959,Home,1140.3,Sí,Grup A,Jordi García Ferrer,Si,1959-08-21,66,0.05
21546595T,Anna,Martínez,Espanya,Sevilla,24,2,1973,Dona,1212.75,No,Grup A,Anna Martínez,Si,1973-02-24,53,0.05
23733093T,Joan,López,Espanya,Sevilla,12,8,1992,Home,1025.85,No,Grup A,Joan López,Si,1992-08-12,33,0.05
10736038P,Oriol,Castells,Espanya,Sevilla,27,3,1998,Home,1642.2,Sí,Grup A,Oriol Castells,Si,1998-03-27,28,0.05
61051397G,Marta,Sánchez,Espanya,Sevilla,17,3,1999,Dona,1458.45,No,Grup A,Marta Sánchez,Si,1999-03-17,27,0.05
63040392X,Oriol,Martínez,Espanya,Sevilla,22,7,1977,Home,1415.4,Sí,Grup A,Oriol Martínez,Si,1977-07-22,48,0.05
80657664E,Eva,López Castells,Espanya,Sevilla,4,12,2004,,917.7,Sí,Grup A,Eva López Castells,Si,2004-12-04,21,0.05
38279546W,Marc,Castells,Espanya,Sevilla,24,3,1974,Home,1058.4,No,Grup A,Marc Castells,Si,1974-03-24,52,0.05
69734812N,Anna,Sánchez,Espanya,Sevilla,17,7,1971,Dona,805.35,Sí,Grup A,Anna Sánchez,Si,1971-07-17,54,0.05
87213442J,Clara,Ferrer Castells,Espanya,Sevilla,25,7,1998,Dona,1462.65,No,Grup A,Clara Ferrer Castells,Si,1998-07-25,27,0.05
78458482P,Pau,Ferrer,Espanya,Sevilla,6,3,1997,Home,1499.4,No,Grup A,Pau Ferrer,Si,1997-03-06,29,0.05
83600087R,Toni,Romero,Espanya,Sevilla,26,9,1952,,1283.1,Sí,Grup A,Toni Romero,Si,1952-09-26,73,0.05
69520375Z,Núria,García Castells,Espanya,Sevilla,23,12,1986,Dona,1321.95,No,Grup A,Núria García Castells,Si,1986-12-23,39,0.05
59083606S,Toni,López,Espanya,Sevilla,20,10,1950,,1614.9,No,Grup A,Toni López,Si,1950-10-20,75,0.05
52145541P,Joan,García,Espanya,Sevilla,11,4,1959,Home,1019.55,No,Grup A,Joan García,Si,1959-04-11,67,0.05
78247593G,Carla,García,Espanya,València,24,12,1957,Dona,989.1,No,Grup A,Carla García,Si,1957-12-24,68,0.05
47103299Z,Núria,Ferrer Romero,Espanya,València,6,2,2003,,1318.8,No,Grup A,Núria Ferrer Romero,Si,2003-02-06,23,0.05
75145716V,Joan,López,Espanya,València,1,2,1952,Home,1577.1,No,Grup A,Joan López,Si,1952-02-01,74,0.05
83083855T,Oriol,García,Espanya,València,12,6,2002,Home,1352.4,Sí,Grup A,Oriol García,Si,2002-06-12,23,0.05
66876326G,Jordi,Sánchez,Espanya,València,19,6,1984,Home,1305.15,Sí,Grup A,Jordi Sánchez,Si,1984-06-19,41,0.05
92828803F,Eva,Romero,Espanya,València,16,4,1985,Dona,1130.85,Sí,Grup A,Eva Romero,Si,1985-04-16,41,0.05
36035835A,Toni,Romero,Espanya,València,26,11,1991,Home,1445.85,Sí,Grup A,Toni Romero,Si,1991-11-26,34,0.05
78286678X,Marc,García Ferrer,Espanya,València,16,8,1998,Home,1252.65,No,Grup A,Marc García Ferrer,Si,1998-08-16,27,0.05
99620931S,Clara,Sánchez Castells,Espanya,València,19,3,1972,Dona,1213.8,No,Grup A,Clara Sánchez Castells,Si,1972-03-19,54,0.05
77962069Z,Carla,Ferrer López,Espanya,València,2,4,1984,Dona,1569.75,Sí,Grup A,Carla Ferrer López,Si,1984-04-02,42,0.05
37718344N,Marta,García Sánchez,Espanya,València,3,2,1962,Dona,1176.0,Sí,Grup A,Marta García Sánchez,Si,1962-02-03,64,0.05
81401769X,Clara,Ferrer,Espanya,València,14,12,2002,Dona,1027.95,Sí,Grup A,Clara Ferrer,Si,2002-12-14,23,0.05
68625528R,Jordi,López,Espanya,València,1,5,1996,Home,1384.95,Sí,Grup A,Jordi López,Si,1996-05-01,30,0.05
16472230S,Clara,Ferrer García,Espanya,València,26,1,1957,Dona,730.8,Sí,Grup A,Clara Ferrer García,Si,1957-01-26,69,0.05
38355195J,Pau,Ferrer García,Espanya,València,14,9,1984,Home,1332.45,Sí,Grup A,Pau Ferrer García,Si,1984-09-14,41,0.05
71930041T,Oriol,Romero Castells,Espanya,València,25,4,1970,Home,1539.3,No,Grup A,Oriol Romero Castells,Si,1970-04-25,56,0.05
38867232T,Eva,García,Espanya,València,28,9,1950,Dona,793.8,No,Grup A,Eva García,Si,1950-09-28,75,0.05
28269893J,Joan,Martínez Martínez,Espanya,València,1,2,1960,Home,1060.5,No,Grup A,Joan Martínez Martínez,Si,1960-02-01,66,0.05
54523654J,Jordi,Romero Romero,Espanya,València,11,6,1984,Home,1020.6,No,Grup A,Jordi Romero Romero,Si,1984-06-11,41,0.05
14486584J,Marta,Romero Castells,Espanya,València,12,12,1988,Dona,876.75,No,Grup A,Marta Romero Castells,Si,1988-12-12,37,0.05
29043853R,Toni,García Ferrer,Espanya,València,22,9,1988,Home,1068.9,No,Grup A,Toni García Ferrer,Si,1988-09-22,37,0.05
44910416G,Toni,Romero,Espanya,València,17,2,2003,Home,1705.2,Sí,Grup A,Toni Romero,Si,2003-02-17,23,0.05
47195129C,Jordi,López,Espanya,València,24,10,1954,Home,1107.75,No,Grup A,Jordi López,Si,1954-10-24,71,0.05
47905259N,Clara,López García,Espanya,València,13,10,1988,Dona,866.25,Sí,Grup A,Clara López García,Si,1988-10-13,37,0.05
35909931K,Laia,Martínez López,Espanya,València,17,5,1976,Dona,1237.95,Sí,Grup A,Laia Martínez López,Si,1976-05-17,50,0.05
75690264M,Anna,Romero,Espanya,València,17,11,1976,Dona,1350.3,No,Grup A,Anna Romero,Si,1976-11-17,49,0.05
72548015K,Núria,Romero Castells,Espanya,València,10,4,1996,,814.8,No,Grup A,Núria Romero Castells,Si,1996-04-10,30,0.05
15071348H,Núria,Romero,Espanya,València,11,6,1951,Dona,747.6,No,Grup A,Núria Romero,Si,1951-06-11,74,0.05
36334567G,Pau,Martínez López,Espanya,València,19,12,1994,Home,1572.9,No,Grup A,Pau Martínez López,Si,1994-12-19,31,0.05
47691452T,Laia,Romero,Espanya,València,18,7,1950,Dona,1057.35,No,Grup A,Laia Romero,Si,1950-07-18,75,0.05
48127366Y,Pau,Sánchez,Espanya,València,26,5,1954,Home,1481.55,No,Grup A,Pau Sánchez,Si,1954-05-26,72,0.05
32219930D,Eva,García Ferrer,Espanya,València,22,2,1991,Dona,698.25,Sí,Grup A,Eva García Ferrer,Si,1991-02-22,35,0.05
99688433B,Toni,Castells,Espanya,València,1,5,1960,Home,1715.7,Sí,Grup A,Toni Castells,Si,1960-05-01,66,0.05
90389717L,Clara,Martínez Romero,Espanya,València,9,7,1973,Dona,1118.25,Sí,Grup A,Clara Martínez Romero,Si,1973-07-09,52,0.05
70806232V,Arnau,Romero,Espanya,València,24,6,1976,Home,810.6,No,Grup A,Arnau Romero,Si,1976-06-24,49,0.05
52759329M,Jordi,Martínez Ferrer,Espanya,València,18,2,1972,Altres,816.9,No,Grup A,Jordi Martínez Ferrer,Si,1972-02-18,54,0.05
51635247N,Clara,Sánchez Castells,Espanya,València,6,10,1973,Dona,1225.35,No,Grup A,Clara Sánchez Castells,Si,1973-10-06,52,0.05
42128077K,Núria,Castells,Espanya,València,16,2,2001,Dona,936.6,No,Grup A,Núria Castells,Si,2001-02-16,25,0.05
53983933P,Marta,Martínez Ferrer,Espanya,València,2,11,2001,Dona,846.3,No,Grup A,Marta Martínez Ferrer,Si,2001-11-02,24,0.05
90464341H,Jordi,Ferrer Martínez,Espanya,València,12,11,1981,Home,1747.2,No,Grup A,Jordi Ferrer Martínez,Si,1981-11-12,44,0.05
95204020C,Oriol,Castells Ferrer,Espanya,València,14,10,1959,Home,1654.8,Sí,Grup A,Oriol Castells Ferrer,Si,1959-10-14,66,0.05
22553315Z,Carla,López,Espanya,València,27,6,1972,Dona,957.6,No,Grup A,Carla López,Si,1972-06-27,53,0.05
93864786W,Marc,Romero,Espanya,València,8,6,1957,Home,832.65,Sí,Grup A,Marc Romero,Si,1957-06-08,68,0.05
39256461F,Oriol,Martínez,Espanya,València,17,7,1951,Home,1672.65,No,Grup A,Oriol Martínez,Si,1951-07-17,74,0.05
61643122A,Marta,Sánchez,Espanya,València,28,10,1980,Dona,1424.85,Sí,Grup A,Marta Sánchez,Si,1980-10-28,45,0.05
80132051V,Carla,López,Espanya,València,4,6,1994,Dona,1043.7,Sí,Grup A,Carla López,Si,1994-06-04,31,0.05
99934405Q,Oriol,Martínez Sánchez,Espanya,València,3,9,1969,Home,1274.7,Sí,Grup A,Oriol Martínez Sánchez,Si,1969-09-03,56,0.05
10570045V,Carla,Castells López,Espanya,València,17,10,1966,Dona,1085.7,No,Grup A,Carla Castells López,Si,1966-10-17,59,0.05
87956285P,Clara,García López,Espanya,València,21,1,1983,Dona,1156.05,Sí,Grup A,Clara García López,Si,1983-01-21,43,0.05
70773495X,Eva,Martínez,Espanya,València,4,12,1970,Dona,1299.9,No,Grup A,Eva Martínez,Si,1970-12-04,55,0.05
83094572C,Carla,Sánchez,Espanya,València,10,6,1981,Dona,754.95,Sí,Grup A,Carla Sánchez,Si,1981-06-10,44,0.05
31281157W,Joan,García,Espanya,València,1,4,1977,Home,1670.55,Sí,Grup A,Joan García,Si,1977-04-01,49,0.05
23188733V,Núria,García,Espanya,València,11,4,1993,Dona,838.95,No,Grup A,Núria García,Si,1993-04-11,33,0.05
11305351X,Eva,García,Espanya,València,22,6,1993,Dona,1516.2,No,Grup A,Eva García,Si,1993-06-22,32,0.05
99383081M,Oriol,Sánchez García,Espanya,València,21,5,1993,Home,939.75,No,Grup A,Oriol Sánchez García,Si,1993-05-21,33,0.05
31713444D,Arnau,Romero Martínez,Espanya,València,7,5,1962,Home,1307.25,Sí,Grup A,Arnau Romero Martínez,Si,1962-05-07,64,0.05
84844149K,Marc,Sánchez Ferrer,Espanya,València,1,4,1998,Home,1016.4,No,Grup A,Marc Sánchez Ferrer,Si,1998-04-01,28,0.05
26365080Y,Anna,Sánchez,Espanya,València,5,6,1988,Dona,1013.25,No,Grup A,Anna Sánchez,Si,1988-06-05,37,0.05
22118978G,Núria,Ferrer,Espanya,València,26,4,1995,Dona,1294.65,No,Grup A,Núria Ferrer,Si,1995-04-26,31,0.05
23931178W,Toni,García,Espanya,València,4,5,1952,Home,1132.95,No,Grup A,Toni García,Si,1952-05-04,74,0.05
38147748A,Núria,Martínez Ferrer,Espanya,València,4,11,1976,Dona,1079.4,No,Grup A,Núria Martínez Ferrer,Si,1976-11-04,49,0.05
48749091Z,Oriol,Sánchez García,Espanya,València,16,7,1965,Home,1336.65,No,Grup A,Oriol Sánchez García,Si,1965-07-16,60,0.05
29019539A,Clara,Romero García,Espanya,València,8,2,1989,Dona,1308.3,Sí,Grup A,Clara Romero García,Si,1989-02-08,37,0.05
82819660N,Michel,Moreau,França,Lió,2,5,1970,Home,850.5,No,Grup A,Michel Moreau,No,1970-05-02,56,0.05
45820844F,Michel,Lefevre,França,Lió,14,1,1985,Home,862.05,Sí,Grup A,Michel Lefevre,No,1985-01-14,41,0.05
76202240S,Louis,Moreau,França,Lió,13,2,1974,Home,1747.2,Sí,Grup A,Louis Moreau,No,1974-02-13,52,0.05
92913286B,Michel,Dubois Dubois,França,Lió,4,9,1979,Home,1149.75,No,Grup A,Michel Dubois Dubois,No,1979-09-04,46,0.05
38127780Y,Louis,Dubois Girard,França,Lió,21,11,1950,Home,1139.25,No,Grup A,Louis Dubois Girard,No,1950-11-21,75,0.05
76568322R,Antoine,Lefevre,França,Lió,17,6,1999,Home,1303.05,No,Grup A,Antoine Lefevre,No,1999-06-17,26,0.05
71514483K,Jean,Girard Lefevre,França,Lió,28,12,1960,Home,976.5,No,Grup A,Jean Girard Lefevre,No,1960-12-28,65,0.05
58404017Q,Jean,Dubois,França,Lió,13,2,1960,Home,1051.05,Sí,Grup A,Jean Dubois,No,1960-02-13,66,0.05
66129686T,Jean,Dubois,França,Marsella,16,12,1964,Home,1672.65,Sí,Grup A,Jean Dubois,No,1964-12-16,61,0.05
76101195A,Jean,Lefevre,França,Marsella,8,10,1959,Home,819.0,No,Grup A,Jean Lefevre,No,1959-10-08,66,0.05
80554783G,Sophie,Moreau Dubois,França,Marsella,27,4,1956,Dona,1581.3,No,Grup A,Sophie Moreau Dubois,No,1956-04-27,70,0.05
57544317R,Louis,Girard Lefevre,França,Marsella,26,3,1983,Home,1059.45,Sí,Grup A,Louis Girard Lefevre,No,1983-03-26,43,0.05
19178233C,Jean,Moreau Girard,França,Marsella,12,11,1989,Home,909.3,No,Grup A,Jean Moreau Girard,No,1989-11-12,36,0.05
12118177C,Jean,Dubois,França,Marsella,24,11,1970,Home,1097.25,No,Grup A,Jean Dubois,No,1970-11-24,55,0.05
21285125Z,Chloé,Moreau,França,Marsella,5,5,1976,Dona,1231.65,Sí,Grup A,Chloé Moreau,No,1976-05-05,50,0.05
92984183N,Michel,Lefevre,França,Marsella,28,1,1988,Home,1176.0,No,Grup A,Michel Lefevre,No,1988-01-28,38,0.05
54542153E,Chloé,Girard Girard,França,Marsella,17,12,1956,Dona,1504.65,No,Grup A,Chloé Girard Girard,No,1956-12-17,69,0.05
53263676R,Chloé,Girard,França,París,5,10,1952,Dona,778.05,Sí,Grup A,Chloé Girard,No,1952-10-05,73,0.05
30736318Q,Élise,Moreau,França,París,25,7,2001,Dona,976.5,No,Grup A,Élise Moreau,No,2001-07-25,24,0.05
29471837G,Camille,Moreau,França,París,6,2,1957,Dona,836.85,No,Grup A,Camille Moreau,No,1957-02-06,69,0.05
94035504X,Louis,Dubois Dubois,França,París,22,9,1964,Home,1050.0,No,Grup A,Louis Dubois Dubois,No,1964-09-22,61,0.05
72654945E,Michel,Girard,França,París,12,3,2004,Home,1593.9,Sí,Grup A,Michel Girard,No,2004-03-12,22,0.05
32285371X,Louis,Lefevre Girard,França,París,23,10,1970,Home,773.85,Sí,Grup A,Louis Lefevre Girard,No,1970-10-23,55,0.05
30892443R,Élise,Moreau Moreau,França,París,10,6,1992,Dona,1446.9,No,Grup A,Élise Moreau Moreau,No,1992-06-10,33,0.05
87316866D,Alessia,Rossi,Itàlia,Milà,6,12,1989,Dona,1434.3,No,Grup A,Alessia Rossi,No,1989-12-06,36,0.05
98226417L,Giulia,Russo Conti,Itàlia,Milà,25,2,1971,Dona,1096.2,No,Grup A,Giulia Russo Conti,No,1971-02-25,55,0.05
93759961P,Alessandro,Russo Ferrari,Itàlia,Roma,13,8,1965,Home,987.0,No,Grup A,Alessandro Russo Ferrari,No,1965-08-13,60,0.05
76257088H,Francesca,Conti,Itàlia,Roma,10,8,1955,Dona,850.5,Sí,Grup A,Francesca Conti,No,1955-08-10,70,0.05
21774231J,Marco,Rossi,Itàlia,Torí,3,11,2002,Altres,1568.7,No,Grup A,Marco Rossi,No,2002-11-03,23,0.05
61746871V,Alessandro,Ferrari,Itàlia,Torí,13,4,1972,Altres,1400.7,Sí,Grup A,Alessandro Ferrari,No,1972-04-13,54,0.05
73587985T,Francesca,Ferrari,Itàlia,Torí,25,3,1999,Dona,1097.25,Sí,Grup A,Francesca Ferrari,No,1999-03-25,27,0.05
20214876P,Alessia,Russo,Itàlia,Torí,28,11,1954,Dona,1017.45,Sí,Grup A,Alessia Russo,No,1954-11-28,71,0.05
35241609K,Francesca,Russo,Itàlia,Torí,9,11,1986,Dona,1411.2,Sí,Grup A,Francesca Russo,No,1986-11-09,39,0.05
14098793R,Alessandro,Ferrari,Itàlia,Torí,22,7,2003,Home,1515.15,Sí,Grup A,Alessandro Ferrari,No,2003-07-22,22,0.05
45620823H,Alessia,Russo Russo,Itàlia,Torí,18,5,1995,Dona,1220.1,No,Grup A,Alessia Russo Russo,No,1995-05-18,31,0.05
85975055P,Giovanni,Rossi Ferrari,Itàlia,Torí,14,6,1991,Home,1073.1,No,Grup A,Giovanni Rossi Ferrari,No,1991-06-14,34,0.05
25144352S,Francesca,Rossi Russo,Itàlia,Torí,1,9,1994,Dona,1316.7,No,Grup A,Francesca Rossi Russo,No,1994-09-01,31,0.05
98288475Z,Youssef,Bennani,Marroc,Casablanca,20,9,1957,Home,819.0,Sí,Grup A,Youssef Bennani,No,1957-09-20,68,0.05
63099488Q,Youssef,Fassi Zahraoui,Marroc,Casablanca,8,3,2003,Home,1300.95,Sí,Grup A,Youssef Fassi Zahraoui,No,2003-03-08,23,0.05
87981337P,Amina,Zahraoui Fassi,Marroc,Casablanca,20,1,1984,Dona,1162.35,No,Grup A,Amina Zahraoui Fassi,No,1984-01-20,42,0.05
47351659S,Salma,El Amrani,Marroc,Casablanca,12,10,1987,Dona,1484.7,No,Grup A,Salma El Amrani,No,1987-10-12,38,0.05
65339008Z,Salma,Zahraoui,Marroc,Casablanca,20,12,1971,Dona,1468.95,Sí,Grup A,Salma Zahraoui,No,1971-12-20,54,0.05
31059050X,Amina,Fassi,Marroc,Casablanca,13,12,1971,,1533.0,No,Grup A,Amina Fassi,No,1971-12-13,54,0.05
68343127F,Youssef,Zahraoui,Marroc,Casablanca,2,3,1998,Home,1678.95,No,Grup A,Youssef Zahraoui,No,1998-03-02,28,0.05
41366739S,Khadija,El Amrani,Marroc,Casablanca,13,9,1998,Dona,1192.8,Sí,Grup A,Khadija El Amrani,No,1998-09-13,27,0.05
79888539R,Ali,Bennani Fassi,Marroc,Casablanca,14,12,1983,Home,1585.5,No,Grup A,Ali Bennani Fassi,No,1983-12-14,42,0.05
18279367H,Amina,Zahraoui Zahraoui,Marroc,Casablanca,20,4,1973,Dona,1526.7,No,Grup A,Amina Zahraoui Zahraoui,No,1973-04-20,53,0.05
26977768S,Fatima,Zahraoui Zahraoui,Marroc,Casablanca,6,2,1993,Dona,1276.8,No,Grup A,Fatima Zahraoui Zahraoui,No,1993-02-06,33,0.05
38141675A,Fatima,Fassi,Marroc,Rabat,6,11,2005,Altres,1513.05,Sí,Grup A,Fatima Fassi,No,2005-11-06,20,0.05
64074954W,Mohamed,Zahraoui,Marroc,Rabat,18,11,1950,Home,1570.8,No,Grup A,Mohamed Zahraoui,No,1950-11-18,75,0.05
89715580M,Salma,Zahraoui El Amrani,Marroc,Rabat,28,9,1950,Dona,1198.05,No,Grup A,Salma Zahraoui El Amrani,No,1950-09-28,75,0.05
27053674Z,Amina,El Amrani,Marroc,Rabat,25,1,1959,Dona,896.7,Sí,Grup A,Amina El Amrani,No,1959-01-25,67,0.05
72488520Y,Youssef,Fassi El Amrani,Marroc,Rabat,26,5,1968,Home,1044.75,Sí,Grup A,Youssef Fassi El Amrani,No,1968-05-26,58,0.05
60378955C,Fatima,Zahraoui El Amrani,Marroc,Rabat,27,1,1986,Dona,1377.6,No,Grup A,Fatima Zahraoui El Amrani,No,1986-01-27,40,0.05
13257049V,Youssef,Fassi Zahraoui,Marroc,Rabat,13,7,1974,Altres,1164.45,Sí,Grup A,Youssef Fassi Zahraoui,No,1974-07-13,51,0.05
78697534Q,Omar,Zahraoui Zahraoui,Marroc,Rabat,1,7,1983,,1334.55,Sí,Grup A,Omar Zahraoui Zahraoui,No,1983-07-01,42,0.05
77665617B,Youssef,Bennani El Amrani,Marroc,Rabat,5,9,1960,Home,1699.95,No,Grup A,Youssef Bennani El Amrani,No,1960-09-05,65,0.05
55802716W,Miguel,González,Mèxic,Ciutat de Mèxic,22,3,2002,Home,1607.55,No,Grup A,Miguel González,No,2002-03-22,24,0.05
52655443Q,Gabriela,Cruz González,Mèxic,Ciutat de Mèxic,3,1,1955,Dona,1084.65,Sí,Grup A,Gabriela Cruz González,No,1955-01-03,71,0.05
16777341F,José,González,Mèxic,Ciutat de Mèxic,16,8,1973,Home,1077.3,No,Grup A,José González,No,1973-08-16,52,0.05
73829702G,Miguel,Ramírez,Mèxic,Ciutat de Mèxic,26,4,2005,Home,1748.25,No,Grup A,Miguel Ramírez,No,2005-04-26,21,0.05
93347578D,José,Cruz González,Mèxic,Ciutat de Mèxic,24,10,1983,Home,1501.5,No,Grup A,José Cruz González,No,1983-10-24,42,0.05
94224511S,Camila,Cruz Cruz,Mèxic,Ciutat de Mèxic,19,7,1954,Dona,1356.6,Sí,Grup A,Camila Cruz Cruz,No,1954-07-19,71,0.05
92292409L,Carlos,Ramírez Cruz,Mèxic,Ciutat de Mèxic,28,12,1971,Home,1605.45,Sí,Grup A,Carlos Ramírez Cruz,No,1971-12-28,54,0.05
93782971H,Luisa,González Hernández,Mèxic,Ciutat de Mèxic,19,4,2005,Dona,721.35,No,Grup A,Luisa González Hernández,No,2005-04-19,21,0.05
26804172P,Andrés,Ramírez Hernández,Mèxic,Ciutat de Mèxic,2,9,1956,Home,1529.85,Sí,Grup A,Andrés Ramírez Hernández,No,1956-09-02,69,0.05
86981189A,Camila,Hernández Ramírez,Mèxic,Guadalajara,17,12,1996,Dona,1228.5,Sí,Grup A,Camila Hernández Ramírez,No,1996-12-17,29,0.05
80377928E,José,Hernández,Mèxic,Guadalajara,12,1,1992,Altres,1440.6,No,Grup A,José Hernández,No,1992-01-12,34,0.05
90781919E,Miguel,González,Mèxic,Guadalajara,15,9,1955,Home,1232.7,No,Grup A,Miguel González,No,1955-09-15,70,0.05
66183009R,Miguel,Cruz,Mèxic,Guadalajara,28,9,1955,Home,1318.8,Sí,Grup A,Miguel Cruz,No,1955-09-28,70,0.05
93868679R,María,Cruz,Mèxic,Guadalajara,23,6,1978,Dona,783.3,Sí,Grup A,María Cruz,No,1978-06-23,47,0.05
44245943V,Gabriela,Cruz,Mèxic,Guadalajara,27,1,1955,Dona,1465.8,No,Grup A,Gabriela Cruz,No,1955-01-27,71,0.05
86198614J,Camila,Cruz Cruz,Mèxic,Guadalajara,2,1,1952,Dona,880.95,No,Grup A,Camila Cruz Cruz,No,1952-01-02,74,0.05
65159318X,Luisa,Cruz Ramírez,Mèxic,Guadalajara,19,2,1985,Dona,758.1,No,Grup A,Luisa Cruz Ramírez,No,1985-02-19,41,0.05
78873166E,Beatriz,Ferreira Ferreira,Portugal,Lisboa,17,11,1952,,1022.7,No,Grup A,Beatriz Ferreira Ferreira,No,1952-11-17,73,0.05
18575690Y,João,Oliveira Ferreira,Portugal,Lisboa,21,3,1985,Home,1286.25,No,Grup A,João Oliveira Ferreira,No,1985-03-21,41,0.05
29550519X,Miguel,Silva,Portugal,Lisboa,12,6,1971,,941.85,No,Grup A,Miguel Silva,No,1971-06-12,54,0.05
93757958D,Inês,Silva,Portugal,Lisboa,20,8,1990,Dona,1177.05,Sí,Grup A,Inês Silva,No,1990-08-20,35,0.05
19113138L,João,Oliveira,Portugal,Lisboa,1,7,1979,Home,1339.8,No,Grup A,João Oliveira,No,1979-07-01,46,0.05
31397148Y,João,Silva,Portugal,Lisboa,2,7,1994,Home,1715.7,No,Grup A,João Silva,No,1994-07-02,31,0.05
15021643F,Tiago,Ferreira Pereira,Portugal,Lisboa,15,3,1959,Altres,1326.15,No,Grup A,Tiago Ferreira Pereira,No,1959-03-15,67,0.05
69796526G,Inês,Oliveira Ferreira,Portugal,Lisboa,2,5,1970,Dona,721.35,No,Grup A,Inês Oliveira Ferreira,No,1970-05-02,56,0.05
91877877E,Tiago,Ferreira,Portugal,Porto,22,11,1993,Home,1308.3,Sí,Grup A,Tiago Ferreira,No,1993-11-22,32,0.05
62356732M,Tiago,Silva Pereira,Portugal,Porto,24,3,1980,Home,1502.55,No,Grup A,Tiago Silva Pereira,No,1980-03-24,46,0.05
72940295V,Tiago,Oliveira,Portugal,Porto,22,3,1989,Home,1421.7,Sí,Grup A,Tiago Oliveira,No,1989-03-22,37,0.05
87072861Y,Miguel,Ferreira,Portugal,Porto,19,2,1990,Home,1262.1,No,Grup A,Miguel Ferreira,No,1990-02-19,36,0.05
99946609J,Inês,Silva Oliveira,Portugal,Porto,11,2,1986,Dona,1000.65,No,Grup A,Inês Silva Oliveira,No,1986-02-11,40,0.05
69723912X,Miguel,Oliveira Pereira,Portugal,Porto,19,4,1958,Home,1081.5,No,Grup A,Miguel Oliveira Pereira,No,1958-04-19,68,0.05
49728917R,Sophie,Taylor,Regne Unit,Londres,27,2,1983,Dona,1542.45,No,Grup A,Sophie Taylor,No,1983-02-27,43,0.05
43731528C,Oliver,Jones,Regne Unit,Londres,1,6,1959,Home,956.55,Sí,Grup A,Oliver Jones,No,1959-06-01,67,0.05
15056420W,George,Taylor Taylor,Regne Unit,Londres,8,9,1965,Home,1191.75,Sí,Grup A,George Taylor Taylor,No,1965-09-08,60,0.05
66434842X,James,Smith,Regne Unit,Londres,1,6,1954,Home,1131.9,No,Grup A,James Smith,No,1954-06-01,72,0.05
65737147M,William,Brown Smith,Regne Unit,Londres,17,7,1959,Home,1204.35,Sí,Grup A,William Brown Smith,No,1959-07-17,66,0.05
25331092S,Sophie,Jones,Regne Unit,Londres,26,1,1963,Dona,718.2,No,Grup A,Sophie Jones,No,1963-01-26,63,0.05
16218169P,William,Brown,Regne Unit,Londres,24,2,1991,Home,1046.85,Sí,Grup A,William Brown,No,1991-02-24,35,0.05
52604206S,Olivia,Taylor,Regne Unit,Londres,13,9,1992,,1486.8,Sí,Grup A,Olivia Taylor,No,1992-09-13,33,0.05
42592903R,Emily,Taylor,Regne Unit,Londres,24,3,1976,Dona,1312.5,Sí,Grup A,Emily Taylor,No,1976-03-24,50,0.05
67837921D,Isla,Taylor Smith,Regne Unit,Londres,7,5,1965,Dona,1298.85,No,Grup A,Isla Taylor Smith,No,1965-05-07,61,0.05
14371347B,William,Taylor,Regne Unit,Londres,11,10,1957,Home,1067.85,No,Grup A,William Taylor,No,1957-10-11,68,0.05
57441590Y,George,Brown Jones,Regne Unit,Manchester,27,12,1979,Home,1186.5,Sí,Grup A,George Brown Jones,No,1979-12-27,46,0.05
58204038A,Olivia,Brown Brown,Regne Unit,Manchester,28,8,1952,Altres,1074.15,No,Grup A,Olivia Brown Brown,No,1952-08-28,73,0.05
28367234K,Isla,Jones Brown,Regne Unit,Manchester,28,3,1999,Dona,1256.85,No,Grup A,Isla Jones Brown,No,1999-03-28,27,0.05
82046699J,William,Smith,Regne Unit,Manchester,19,5,1997,Home,1475.25,Sí,Grup A,William Smith,No,1997-05-19,29,0.05
